"year","m","month","variable","pc1","pc2"
1948,1,"Jan","sst",0.136338409409651,-0.347493828523128
1948,2,"Feb","sst",-0.122649760082515,-0.404619979434836
1948,3,"Mar","sst",-0.249574864508471,1.11879777802408
1948,4,"Apr","sst",-0.463993124730729,-0.888405550082541
1948,5,"May","sst",-0.927240802870227,0.784408452635538
1948,6,"Jun","sst",0.463917524909084,1.03903070466392
1948,7,"Jul","sst",0.937421761016233,1.99483093882912
1948,8,"Aug","sst",0.521942391606715,1.56915615277957
1948,9,"Sep","sst",-0.274329226502717,0.632973823733195
1948,10,"Oct","sst",-1.30817247298593,0.281575245693646
1948,11,"Nov","sst",-0.666563916334385,-0.66985153200264
1948,12,"Dec","sst",-1.12153035486887,1.21200461729773
1949,1,"Jan","sst",-1.76964626044139,1.52415755801034
1949,2,"Feb","sst",-1.9836200080058,1.9632980397861
1949,3,"Mar","sst",-1.04485459017095,1.19650687356119
1949,4,"Apr","sst",-0.713951218686081,1.1595167110185
1949,5,"May","sst",-0.586597420601114,0.856068151526307
1949,6,"Jun","sst",-0.584294433812299,0.443916841323114
1949,7,"Jul","sst",-0.416995618040981,1.61802046323342
1949,8,"Aug","sst",-0.416362904302428,1.34042077914838
1949,9,"Sep","sst",-0.200224172980058,1.17189194684861
1949,10,"Oct","sst",-0.989003864615937,1.21254287489057
1949,11,"Nov","sst",-0.270521272380073,0.418450228531456
1949,12,"Dec","sst",-0.08199720141248,0.616177001366689
1950,1,"Jan","sst",-0.751247182712474,1.25213128978054
1950,2,"Feb","sst",-0.955983177461673,1.65272194941494
1950,3,"Mar","sst",-0.699965691579007,1.33342031220048
1950,4,"Apr","sst",-0.840674769106395,0.828851179340983
1950,5,"May","sst",-1.80490410624505,1.12786683011619
1950,6,"Jun","sst",-1.50351534193483,0.387758731367126
1950,7,"Jul","sst",-1.88658408191699,1.41733365739852
1950,8,"Aug","sst",-1.24898903932875,0.902239513939907
1950,9,"Sep","sst",-0.801130554206085,0.615771405704158
1950,10,"Oct","sst",-0.819509565925838,-0.418092788879375
1950,11,"Nov","sst",-0.773702893248057,-0.340784573969086
1950,12,"Dec","sst",-0.1334324820878,0.300117014459711
1951,1,"Jan","sst",-0.333755689904584,-0.220035909211788
1951,2,"Feb","sst",-0.544993176504629,0.525322968880431
1951,3,"Mar","sst",-0.915920896227154,0.330601691647202
1951,4,"Apr","sst",-0.699098643727157,0.126591148731127
1951,5,"May","sst",-0.39852833816408,0.35548133105511
1951,6,"Jun","sst",-0.680098723578386,0.74425682172014
1951,7,"Jul","sst",0.721139470528391,0.591613373223859
1951,8,"Aug","sst",0.0702348601753171,1.71544564545878
1951,9,"Sep","sst",0.525342240010621,0.897084757371702
1951,10,"Oct","sst",0.89782330658065,0.988014378990453
1951,11,"Nov","sst",0.569180430872691,0.648256976538012
1951,12,"Dec","sst",-0.548598409901807,0.981745760582844
1952,1,"Jan","sst",-1.33836813827027,1.2094979887131
1952,2,"Feb","sst",-0.605761881698842,0.465490248825922
1952,3,"Mar","sst",-0.949032423395199,1.40406157700113
1952,4,"Apr","sst",-1.14985902969756,0.591664725113827
1952,5,"May","sst",-1.06754179019701,0.23671808094583
1952,6,"Jun","sst",-1.44041186860427,-0.114602036177308
1952,7,"Jul","sst",-1.23950443868655,-0.0976220940831972
1952,8,"Aug","sst",-0.541285223959601,0.394208684871499
1952,9,"Sep","sst",-0.202654799165001,0.384109848256908
1952,10,"Oct","sst",0.542798718540769,0.913146083551173
1952,11,"Nov","sst",0.459241956596925,-0.281932099467578
1952,12,"Dec","sst",-0.161600583497043,-0.338676193299991
1953,1,"Jan","sst",0.0746711664417095,-0.809165717562105
1953,2,"Feb","sst",-0.185666244064125,-0.669124009546993
1953,3,"Mar","sst",-0.588659305406313,-0.227224746242413
1953,4,"Apr","sst",-0.32004406453922,-0.296266082571663
1953,5,"May","sst",-0.0925182274564822,-0.678476820814414
1953,6,"Jun","sst",-0.129277883484811,-0.0998587602612849
1953,7,"Jul","sst",0.62911608529924,-0.282947543084481
1953,8,"Aug","sst",0.0988798698676177,0.666684972753147
1953,9,"Sep","sst",-0.0545037547344078,0.320996132616625
1953,10,"Oct","sst",-0.431873895572234,-0.229996053298375
1953,11,"Nov","sst",-0.0100330956814388,-1.0553189347886
1953,12,"Dec","sst",0.126517772325479,-1.23075858102367
1954,1,"Jan","sst",-0.179246103405299,-0.121874232363677
1954,2,"Feb","sst",-0.139560262335891,-0.170021127169062
1954,3,"Mar","sst",-0.321603543442294,-0.139504702832835
1954,4,"Apr","sst",-0.0722736494574616,0.556502922386553
1954,5,"May","sst",0.226034858823466,0.227177737141962
1954,6,"Jun","sst",0.627753503739078,-0.982449296839755
1954,7,"Jul","sst",-0.0969285649212709,-1.22697837357583
1954,8,"Aug","sst",0.300027812605977,-0.160647152267551
1954,9,"Sep","sst",0.238985227960173,1.04998342626849
1954,10,"Oct","sst",0.670068112747971,-0.0782746907280237
1954,11,"Nov","sst",1.20730113649406,-0.897075446896686
1954,12,"Dec","sst",0.902724317660406,-0.610179936668143
1955,1,"Jan","sst",0.0359168510993612,-0.818243211806322
1955,2,"Feb","sst",-0.279888945962933,-0.0194579449939148
1955,3,"Mar","sst",-0.444541565170789,0.540499634268333
1955,4,"Apr","sst",-1.09393100371799,0.711010986833394
1955,5,"May","sst",-1.25690213078472,-0.125802805360951
1955,6,"Jun","sst",-1.78958144902022,-0.234203499466881
1955,7,"Jul","sst",-1.76255411006867,0.345571071334613
1955,8,"Aug","sst",-1.43939988422665,1.09016960097577
1955,9,"Sep","sst",-1.54955912828427,0.552992937188652
1955,10,"Oct","sst",-2.26882189427344,0.767761836074942
1955,11,"Nov","sst",-1.73412435142197,0.775555858450901
1955,12,"Dec","sst",-1.07379028958475,0.859911355400464
1956,1,"Jan","sst",-1.12379188594598,0.937265139226672
1956,2,"Feb","sst",-1.26672858232336,1.03508888863214
1956,3,"Mar","sst",-1.88426586456117,1.19776690779046
1956,4,"Apr","sst",-1.3942108588351,1.08212274461892
1956,5,"May","sst",-0.499573124293902,0.875103683261587
1956,6,"Jun","sst",-1.14679822673284,0.808302978963311
1956,7,"Jul","sst",-0.60002425854811,0.869491674712297
1956,8,"Aug","sst",0.101247983028196,1.00587950904366
1956,9,"Sep","sst",0.427469862489208,-0.133439070983741
1956,10,"Oct","sst",-0.473500096843498,1.08589674910328
1956,11,"Nov","sst",-1.52228459317802,0.924361945848581
1956,12,"Dec","sst",-0.584088665556501,1.49422736978986
1957,1,"Jan","sst",-0.43452470400217,2.02896555977144
1957,2,"Feb","sst",-0.634554180647745,2.02775900693204
1957,3,"Mar","sst",0.0589011514634419,1.89061011975913
1957,4,"Apr","sst",0.251317522063905,1.63002194630289
1957,5,"May","sst",1.00610509891722,1.47882503353332
1957,6,"Jun","sst",2.05633613203722,0.845927025717538
1957,7,"Jul","sst",1.30582809082267,1.11341108478047
1957,8,"Aug","sst",1.13261274568655,0.929306889918723
1957,9,"Sep","sst",2.22304115352203,-0.108072854998444
1957,10,"Oct","sst",2.28416505176999,0.666126107464498
1957,11,"Nov","sst",2.47650695615221,0.962175876572974
1957,12,"Dec","sst",1.44855419988005,1.30732928158896
1958,1,"Jan","sst",1.48929638931739,0.611223853633427
1958,2,"Feb","sst",1.62637347817726,0.0976208109793866
1958,3,"Mar","sst",1.50315994290574,0.586910659855153
1958,4,"Apr","sst",1.40106795766482,0.165611380496545
1958,5,"May","sst",1.93571689253672,-0.155848795592023
1958,6,"Jun","sst",2.70167717878296,0.75893734944439
1958,7,"Jul","sst",1.75526675703266,0.814941909903349
1958,8,"Aug","sst",1.81485811261323,-0.374904941039199
1958,9,"Sep","sst",1.33000488086517,-0.44582748972403
1958,10,"Oct","sst",0.957826312033348,0.301451894812898
1958,11,"Nov","sst",0.768957283558423,-0.373944795971696
1958,12,"Dec","sst",1.61227315896577,-0.425403621211481
1959,1,"Jan","sst",1.6238142835034,-0.132599042249717
1959,2,"Feb","sst",1.25702459380742,0.265607808949331
1959,3,"Mar","sst",0.846917136251182,0.373013303991576
1959,4,"Apr","sst",0.94816155666059,0.683791791324931
1959,5,"May","sst",0.990840529591978,0.53234306105519
1959,6,"Jun","sst",0.98365407708241,0.170806311273994
1959,7,"Jul","sst",0.534509996197231,0.188811070845667
1959,8,"Aug","sst",0.431305722947626,0.671758362325809
1959,9,"Sep","sst",0.226243203335291,0.755121562994314
1959,10,"Oct","sst",1.70399142474515,0.681667837171597
1959,11,"Nov","sst",2.14010832907616,0.726070999412712
1959,12,"Dec","sst",1.6993269163624,-0.34634755680079
1960,1,"Jan","sst",0.734044621427298,-0.635465385517342
1960,2,"Feb","sst",1.04052213073779,-0.604939393852107
1960,3,"Mar","sst",0.861006236724549,-0.498875175717783
1960,4,"Apr","sst",0.815047088250659,-0.561661398772947
1960,5,"May","sst",0.804209154906734,-1.07196776305936
1960,6,"Jun","sst",1.12197261192435,-1.01723330324955
1960,7,"Jul","sst",0.431729278345887,-0.0453633210193217
1960,8,"Aug","sst",0.355357926518498,-0.42036439809454
1960,9,"Sep","sst",-0.146443006727541,0.345770628669963
1960,10,"Oct","sst",0.422773216984337,-0.0293898668126096
1960,11,"Nov","sst",0.120110422664409,-1.45624645373995
1960,12,"Dec","sst",0.285613534096186,-1.11745950271637
1961,1,"Jan","sst",1.03795129185969,-1.17329919216734
1961,2,"Feb","sst",0.944195699512755,-1.10358068468665
1961,3,"Mar","sst",0.73147926739838,-1.24451756229413
1961,4,"Apr","sst",0.741642336675916,-0.459538266039362
1961,5,"May","sst",0.263958741743304,-0.20519547928821
1961,6,"Jun","sst",0.11926157433056,-0.235274074584133
1961,7,"Jul","sst",-0.0695916067202185,-0.272153262408483
1961,8,"Aug","sst",0.305583039741027,0.461857266859207
1961,9,"Sep","sst",-0.0873446186007913,0.731200248091902
1961,10,"Oct","sst",-0.453357744801222,1.67838384286599
1961,11,"Nov","sst",-0.585713090618169,0.369502525201778
1961,12,"Dec","sst",-0.925751582949406,0.992145238227828
1962,1,"Jan","sst",-0.21251297615797,1.36584877021916
1962,2,"Feb","sst",-0.0404857286559135,1.42703110171532
1962,3,"Mar","sst",-0.156706697779772,1.24972423950855
1962,4,"Apr","sst",0.0938024568053905,1.25023321012425
1962,5,"May","sst",-0.352807643322569,1.09317060867068
1962,6,"Jun","sst",-0.851118189847195,1.87426950800713
1962,7,"Jul","sst",-0.651717509018086,2.29110044577348
1962,8,"Aug","sst",-0.022220177752358,1.11743146895086
1962,9,"Sep","sst",-0.541407737064518,1.50362705700745
1962,10,"Oct","sst",-1.02393037512818,0.352099715088584
1962,11,"Nov","sst",0.0834081076380477,-0.40806951178067
1962,12,"Dec","sst",0.293762622511961,0.0460454782208834
1963,1,"Jan","sst",0.703655120604741,1.02670359978696
1963,2,"Feb","sst",1.01379665579903,2.01188855595195
1963,3,"Mar","sst",0.528835439286592,1.64280057913925
1963,4,"Apr","sst",0.521101629215371,1.68163363192394
1963,5,"May","sst",-0.0630465207858969,1.70292190542231
1963,6,"Jun","sst",0.0331898459936875,1.15114121537194
1963,7,"Jul","sst",-0.267866105622614,1.86495813309841
1963,8,"Aug","sst",0.17475178218442,1.99497322547298
1963,9,"Sep","sst",1.67039285230206,0.300228564752698
1963,10,"Oct","sst",0.73644569402102,0.045820195719835
1963,11,"Nov","sst",-0.0733584875393383,-0.395129770204582
1963,12,"Dec","sst",0.906432355231778,-0.0275235047805108
1964,1,"Jan","sst",0.857365798596343,-0.0760345185755266
1964,2,"Feb","sst",0.542710810330434,-0.0970927681439366
1964,3,"Mar","sst",-0.290205217952628,0.0762462897323474
1964,4,"Apr","sst",-0.505578559507463,0.405902039977088
1964,5,"May","sst",-1.28140479204282,0.987857530858353
1964,6,"Jun","sst",-0.27663189690078,0.574745604410485
1964,7,"Jul","sst",-0.8653292564528,-0.26927942771312
1964,8,"Aug","sst",-1.25805751383411,-0.273684702393306
1964,9,"Sep","sst",-1.14269510487889,-0.749911615368595
1964,10,"Oct","sst",-0.544924673141629,-1.20700824538734
1964,11,"Nov","sst",-0.605713811792298,-0.927818185832457
1964,12,"Dec","sst",-0.399691990197285,0.158050674551158
1965,1,"Jan","sst",-0.699266454761383,0.560459158954139
1965,2,"Feb","sst",-0.412410051561024,0.197192651625192
1965,3,"Mar","sst",0.108060277458404,0.650298030778221
1965,4,"Apr","sst",0.158414674470393,0.781973726091181
1965,5,"May","sst",-0.414274997394826,0.364283164400483
1965,6,"Jun","sst",-0.654639744247193,-0.0267475660602138
1965,7,"Jul","sst",-0.81234572577197,-0.0697410609769563
1965,8,"Aug","sst",0.229717265999778,-1.41302308023922
1965,9,"Sep","sst",1.01314051325882,-0.328742411884582
1965,10,"Oct","sst",0.551366001651735,-0.503550934860825
1965,11,"Nov","sst",0.743881367157861,-0.313007929525201
1965,12,"Dec","sst",0.332511385176541,-0.459716632154686
1966,1,"Jan","sst",-0.471606091413094,0.0234396188808212
1966,2,"Feb","sst",-0.207045183303372,-0.456928293285493
1966,3,"Mar","sst",-0.3454774024247,-0.0993726021497048
1966,4,"Apr","sst",0.123096577667432,0.249623247575417
1966,5,"May","sst",-0.244695760669019,0.293304895752351
1966,6,"Jun","sst",0.124783648473619,0.00852896852903709
1966,7,"Jul","sst",0.00339802938147233,-0.641332274052527
1966,8,"Aug","sst",0.104541877814234,-0.775485404015055
1966,9,"Sep","sst",0.000882243003148174,-0.804949808165679
1966,10,"Oct","sst",-0.107884713053509,-0.45628657259206
1966,11,"Nov","sst",-0.00109961293255075,0.340996381615955
1966,12,"Dec","sst",0.220491518964674,0.21423151346311
1967,1,"Jan","sst",-0.113997748401955,-0.126691963449777
1967,2,"Feb","sst",-0.0706292410095195,-0.278087402868987
1967,3,"Mar","sst",-0.170808912029699,0.528700849048488
1967,4,"Apr","sst",-0.455994694476778,0.575170883888896
1967,5,"May","sst",-0.119810900713151,1.79318711423381
1967,6,"Jun","sst",0.238796617253999,2.37110782608196
1967,7,"Jul","sst",0.302975525204886,2.29102022263935
1967,8,"Aug","sst",0.484491719803126,2.7449660602979
1967,9,"Sep","sst",0.561657794767617,0.742469092460449
1967,10,"Oct","sst",0.421221053852441,-0.546851082970333
1967,11,"Nov","sst",0.691341471191441,-0.0666175023887801
1967,12,"Dec","sst",-0.488829306454107,0.141251453340869
1968,1,"Jan","sst",-0.41544837075803,0.511833106774673
1968,2,"Feb","sst",0.0280119432254607,0.780778101734459
1968,3,"Mar","sst",0.511790537687304,0.791008140520562
1968,4,"Apr","sst",0.0483682215731115,0.860025104391343
1968,5,"May","sst",0.226065621637931,1.30383602588624
1968,6,"Jun","sst",0.974938904868888,1.30549289568056
1968,7,"Jul","sst",1.09898989881021,-0.347048644908535
1968,8,"Aug","sst",0.592462190532317,-0.295427623888966
1968,9,"Sep","sst",0.432945982273808,-0.59194045591342
1968,10,"Oct","sst",0.0268956146376839,-0.366614404181495
1968,11,"Nov","sst",0.216814184539946,-0.818739103238138
1968,12,"Dec","sst",0.18211279200929,-0.511564681524261
1969,1,"Jan","sst",-0.0897950119966684,0.194172060799193
1969,2,"Feb","sst",-0.696140681760562,-0.068961734476827
1969,3,"Mar","sst",-0.849379385204685,-0.417347400616254
1969,4,"Apr","sst",-0.707422015441381,-0.333900712403013
1969,5,"May","sst",-0.617899963543553,-0.58776021186633
1969,6,"Jun","sst",0.875880239369204,-0.935361081222742
1969,7,"Jul","sst",0.194977067226301,0.0890935369968834
1969,8,"Aug","sst",-0.316972816172635,0.569155230253457
1969,9,"Sep","sst",-0.51746506244117,-0.0277952095280266
1969,10,"Oct","sst",0.72068190563611,-1.83744609151435
1969,11,"Nov","sst",0.5745183844273,-1.08604685387625
1969,12,"Dec","sst",1.00381674334975,-1.03920861033133
1970,1,"Jan","sst",0.923991091845785,-1.11466799768396
1970,2,"Feb","sst",1.05325970394248,-0.889573302717805
1970,3,"Mar","sst",1.19440364496581,-0.728570464486566
1970,4,"Apr","sst",0.467631670717176,-0.23595410527403
1970,5,"May","sst",-0.41197889391245,0.0466101084765573
1970,6,"Jun","sst",-0.0573326465702498,-0.447314612038006
1970,7,"Jul","sst",-0.821247153104939,-0.937982002650108
1970,8,"Aug","sst",-1.33138481780879,-0.30660412712223
1970,9,"Sep","sst",-1.05182659368109,0.311695320120619
1970,10,"Oct","sst",-0.42485688667392,0.806955278971558
1970,11,"Nov","sst",-0.239913287819014,0.584180734592201
1970,12,"Dec","sst",-0.574712416495606,0.637997363801285
1971,1,"Jan","sst",-1.04553700912964,0.338550993527162
1971,2,"Feb","sst",-1.09868455802996,0.667095111940084
1971,3,"Mar","sst",-1.25157214157785,0.326620360221312
1971,4,"Apr","sst",-1.34837942413385,0.129471302180484
1971,5,"May","sst",-1.84435303123184,-0.592454833715794
1971,6,"Jun","sst",-1.96132360052013,-0.97460056421242
1971,7,"Jul","sst",-1.97273148236346,0.237242452972149
1971,8,"Aug","sst",-0.495395464004891,-1.15062896654758
1971,9,"Sep","sst",-1.00145351241889,-2.75180104233592
1971,10,"Oct","sst",-1.0448849149457,-2.21645310866606
1971,11,"Nov","sst",-1.57699385603578,-0.902561256433579
1971,12,"Dec","sst",-1.6925802183981,0.200632687812381
1972,1,"Jan","sst",-1.83638289607453,0.0446365660704687
1972,2,"Feb","sst",-1.62683608165691,0.27594139523234
1972,3,"Mar","sst",-1.0270185643063,0.66242647033186
1972,4,"Apr","sst",-1.03813680129834,0.936283632813227
1972,5,"May","sst",-1.37656271340231,0.918970334680309
1972,6,"Jun","sst",-1.28354346666929,0.83293815934427
1972,7,"Jul","sst",-0.663543231323492,0.514709974419627
1972,8,"Aug","sst",0.134546636199862,-0.478604609906044
1972,9,"Sep","sst",-0.252344783572332,-0.91472921934349
1972,10,"Oct","sst",-0.339476700815676,-0.560758421490417
1972,11,"Nov","sst",-0.0432642284370109,-0.5626966621376
1972,12,"Dec","sst",-0.100824397893783,0.36989653174151
1973,1,"Jan","sst",0.141397476379992,-0.138329611192333
1973,2,"Feb","sst",-0.0317798493322773,-0.16032489249741
1973,3,"Mar","sst",-0.333616188366888,-0.125781867204113
1973,4,"Apr","sst",-0.543768251748163,-0.0632190579371348
1973,5,"May","sst",-0.912733286139392,-0.236820236402435
1973,6,"Jun","sst",-1.09837776097215,-0.705646010849508
1973,7,"Jul","sst",-1.02581392004673,-1.80525089237395
1973,8,"Aug","sst",-1.11493282238478,-1.47515171216467
1973,9,"Sep","sst",-0.930737326134407,-1.94441374596908
1973,10,"Oct","sst",-1.02964612823939,-1.21047296834748
1973,11,"Nov","sst",-1.16507464158127,-0.409283207317491
1973,12,"Dec","sst",-0.892183950320581,-0.317953829857134
1974,1,"Jan","sst",-0.549607908960284,0.382277776413194
1974,2,"Feb","sst",-1.06790820483884,0.562167633521881
1974,3,"Mar","sst",-0.981918076336446,0.28014843467253
1974,4,"Apr","sst",-0.41523709132781,0.0625483936221065
1974,5,"May","sst",-0.565809236351131,-0.203688256970109
1974,6,"Jun","sst",-0.514136266029269,-0.548481198006445
1974,7,"Jul","sst",-0.0406158352947604,-0.732408588213808
1974,8,"Aug","sst",0.129996526214204,-0.997617406175031
1974,9,"Sep","sst",1.11674577529344,-0.210641817850399
1974,10,"Oct","sst",0.712712219152844,0.26841147694058
1974,11,"Nov","sst",0.459196664336091,-0.920762104443463
1974,12,"Dec","sst",0.172326280279986,-0.660939793661002
1975,1,"Jan","sst",-0.440822179929165,-0.215983513754978
1975,2,"Feb","sst",-0.755598888178019,-0.441257636248045
1975,3,"Mar","sst",-0.842142624759256,-0.466428766129198
1975,4,"Apr","sst",-1.39627882122835,-0.0675666582468114
1975,5,"May","sst",-1.81733478487436,-0.375805113743076
1975,6,"Jun","sst",-1.52638067736381,-0.783014417302058
1975,7,"Jul","sst",-0.964922123818314,-1.02160341601594
1975,8,"Aug","sst",-1.25190454575392,-1.53444414539925
1975,9,"Sep","sst",-1.02068090516889,-0.630468620749542
1975,10,"Oct","sst",-1.07344227985563,-0.614690329819407
1975,11,"Nov","sst",-1.66461280040893,-1.23942121520411
1975,12,"Dec","sst",-1.35168483761388,-0.30146207219806
1976,1,"Jan","sst",-1.05210515995514,-0.340150242116274
1976,2,"Feb","sst",-0.883224521705361,-0.149124712088316
1976,3,"Mar","sst",-1.05750748825611,-0.262450717163692
1976,4,"Apr","sst",-1.32119287880092,-0.810670130084299
1976,5,"May","sst",-1.41530817016122,-1.46916180600165
1976,6,"Jun","sst",-1.44347356549509,-0.768115154995367
1976,7,"Jul","sst",-0.44245623312608,-2.21624259070629
1976,8,"Aug","sst",0.00240673453007913,-3.46769056372957
1976,9,"Sep","sst",-0.253986074434307,-2.98466542917533
1976,10,"Oct","sst",0.624700738687632,-2.58476870920644
1976,11,"Nov","sst",0.8505252435108,-2.00760559966723
1976,12,"Dec","sst",1.09506592106045,-0.781060568078313
1977,1,"Jan","sst",1.18811312487658,-0.57520539310868
1977,2,"Feb","sst",1.5321536025831,-0.515708694895585
1977,3,"Mar","sst",0.675181922868556,-0.796211161954317
1977,4,"Apr","sst",-0.00349017516340721,-0.614699573932488
1977,5,"May","sst",-0.275380436205422,-0.645232636861479
1977,6,"Jun","sst",0.276773813635382,-0.428352906286304
1977,7,"Jul","sst",0.462229088919528,-0.440264026536085
1977,8,"Aug","sst",0.671215131589714,-0.0638643790678143
1977,9,"Sep","sst",0.393568985235696,1.04979366404688
1977,10,"Oct","sst",0.0343481849258473,0.442853010894444
1977,11,"Nov","sst",-0.166660153022977,-1.71553955151067
1977,12,"Dec","sst",0.337008079868169,-0.584513319299202
1978,1,"Jan","sst",0.99493669299321,-0.397191627142378
1978,2,"Feb","sst",1.02448071530189,-0.768321333480319
1978,3,"Mar","sst",1.35610028039473,-0.791494579779282
1978,4,"Apr","sst",1.20633741994994,-0.514646026101998
1978,5,"May","sst",1.0754428154619,-0.794909214126593
1978,6,"Jun","sst",0.604319801304415,-0.907150114619129
1978,7,"Jul","sst",-0.323262342506457,0.175260429595288
1978,8,"Aug","sst",-0.214654911105166,-0.785948434911245
1978,9,"Sep","sst",-0.372263063316554,-0.558716383268753
1978,10,"Oct","sst",0.550177858703311,-0.286843975616145
1978,11,"Nov","sst",0.381557874880284,0.134138948720269
1978,12,"Dec","sst",0.0260106808343086,0.448410661646738
1979,1,"Jan","sst",0.420984423843789,0.377771681284829
1979,2,"Feb","sst",-0.475017158036135,0.310164094058935
1979,3,"Mar","sst",0.0481723396741308,0.147806122086599
1979,4,"Apr","sst",0.445250561761879,0.400719505702872
1979,5,"May","sst",0.858359110830807,-0.290444726082445
1979,6,"Jun","sst",0.643145456123649,0.0200831823608235
1979,7,"Jul","sst",0.680316148421282,0.0566850937386982
1979,8,"Aug","sst",0.768955059525276,0.0815328860969939
1979,9,"Sep","sst",1.44686649093608,-0.242481355858426
1979,10,"Oct","sst",1.47699710902504,-1.42315400982076
1979,11,"Nov","sst",1.12761789467461,-0.701018548544154
1979,12,"Dec","sst",0.891677537262697,0.0271767349822625
1980,1,"Jan","sst",0.740925610342903,0.254588660269972
1980,2,"Feb","sst",1.06057994142271,-0.023891630591708
1980,3,"Mar","sst",1.05421683685941,-0.155950439108695
1980,4,"Apr","sst",0.982917707173128,-0.995677844409517
1980,5,"May","sst",0.611109904737909,-1.65258686275984
1980,6,"Jun","sst",-0.45018469632358,-0.726362264693434
1980,7,"Jul","sst",-0.110053347793215,-0.428486763249678
1980,8,"Aug","sst",-0.165532933460123,-0.0842362440153264
1980,9,"Sep","sst",-0.192629915720544,0.0701831013997723
1980,10,"Oct","sst",0.596655151601835,-2.44235038293668
1980,11,"Nov","sst",0.493415871668635,-1.70271218665148
1980,12,"Dec","sst",0.46682466952994,-0.846678674595874
1981,1,"Jan","sst",1.23341017261464,-0.19141721387161
1981,2,"Feb","sst",1.34253628963873,-0.331297046873104
1981,3,"Mar","sst",1.44030612796709,-0.703134680340788
1981,4,"Apr","sst",1.38496814886717,-0.72890557963863
1981,5,"May","sst",1.49433805209599,-0.683801804513243
1981,6,"Jun","sst",1.75681305881986,-0.937240959660296
1981,7,"Jul","sst",0.953263657028757,-0.874507892400262
1981,8,"Aug","sst",0.588151100562649,0.142891419060119
1981,9,"Sep","sst",0.610363602013612,-0.441037754079329
1981,10,"Oct","sst",0.0946546242018135,0.433601905256408
1981,11,"Nov","sst",0.489972483529509,-0.0103224427556926
1981,12,"Dec","sst",0.413603351673645,-0.831473933286127
1982,1,"Jan","sst",0.226016756813012,-0.0073450001092703
1982,2,"Feb","sst",0.19169109451728,0.499863072119492
1982,3,"Mar","sst",0.143088481768792,0.23078379800074
1982,4,"Apr","sst",-0.329701756945604,0.306485797970094
1982,5,"May","sst",-0.652133267299985,0.263201126041249
1982,6,"Jun","sst",-0.689283562960027,-0.152711742386058
1982,7,"Jul","sst",-0.298673476377837,-1.9933451903763
1982,8,"Aug","sst",-0.399561693958359,-1.94669424275041
1982,9,"Sep","sst",0.232351652505675,-1.40053295245482
1982,10,"Oct","sst",0.204688164115445,-0.824410995249911
1982,11,"Nov","sst",-0.167275491538027,0.0346098170611166
1982,12,"Dec","sst",0.44914734063106,-0.119557042059611
1983,1,"Jan","sst",0.596935762294018,-0.381431845969381
1983,2,"Feb","sst",1.09775483424925,-0.886201682473407
1983,3,"Mar","sst",1.87653375225419,-0.90805019124869
1983,4,"Apr","sst",1.6423513183137,-1.23110360788738
1983,5,"May","sst",1.27710961632975,-1.12205971391249
1983,6,"Jun","sst",1.51473449486639,-1.79946943230398
1983,7,"Jul","sst",1.55925857505833,-3.05482718426478
1983,8,"Aug","sst",0.971640092157951,-2.15853223049237
1983,9,"Sep","sst",0.64984546933621,-0.774440890582475
1983,10,"Oct","sst",0.648312210294902,-0.615350003008252
1983,11,"Nov","sst",1.00335035454825,-1.01439347116027
1983,12,"Dec","sst",1.43461360793967,-0.833128285094512
1984,1,"Jan","sst",1.4328035227032,0.0625193374220041
1984,2,"Feb","sst",1.02844280990334,-0.181684989468565
1984,3,"Mar","sst",1.37860876678085,-0.295486382243818
1984,4,"Apr","sst",0.835400211266508,-0.612453728433504
1984,5,"May","sst",0.866827968121734,-0.847848292691222
1984,6,"Jun","sst",0.423925369254479,-0.0347457227580368
1984,7,"Jul","sst",0.433466503867725,-0.709833717618909
1984,8,"Aug","sst",0.743354003474196,-0.637034638233597
1984,9,"Sep","sst",0.41183825359943,-0.387817379231211
1984,10,"Oct","sst",0.463557475815561,-0.649794935928739
1984,11,"Nov","sst",0.350564673446638,-0.638262676214892
1984,12,"Dec","sst",0.41768533337793,-0.492790890964475
1985,1,"Jan","sst",0.786036856220649,-0.156281590881094
1985,2,"Feb","sst",0.661579931400137,0.36648964556375
1985,3,"Mar","sst",-0.0697637104599464,0.104017711471222
1985,4,"Apr","sst",-0.266762054755243,-0.256446846047773
1985,5,"May","sst",-0.519465339075879,-0.633378079472422
1985,6,"Jun","sst",-0.242204324205034,-1.37297250604065
1985,7,"Jul","sst",0.347566466093688,-1.39321650348181
1985,8,"Aug","sst",0.105868444616071,-1.99900699343169
1985,9,"Sep","sst",0.20828904196492,-0.80358524676637
1985,10,"Oct","sst",0.195458501293365,-0.165006890239244
1985,11,"Nov","sst",-0.491946544550621,1.03479605707982
1985,12,"Dec","sst",0.375983667750908,0.541212846541093
1986,1,"Jan","sst",1.07112716878998,-0.0325321554844221
1986,2,"Feb","sst",1.51448490573909,-0.269921332070895
1986,3,"Mar","sst",1.71642091636573,-0.199496007269482
1986,4,"Apr","sst",1.25068381539727,-0.0939361332502106
1986,5,"May","sst",0.885505772941406,-0.166418785944212
1986,6,"Jun","sst",0.501746591173244,-0.968692950548075
1986,7,"Jul","sst",0.458857959499837,-1.69101194751854
1986,8,"Aug","sst",0.12935970259159,-0.368625184536307
1986,9,"Sep","sst",0.552166390205451,0.309163448144655
1986,10,"Oct","sst",1.23809827486631,0.498418169810524
1986,11,"Nov","sst",1.87130011723529,0.563692627404584
1986,12,"Dec","sst",1.78271576121341,-0.0505830514451707
1987,1,"Jan","sst",1.45364231446591,-0.831195364651248
1987,2,"Feb","sst",1.48844633497719,-1.28327126218786
1987,3,"Mar","sst",1.49335243522494,-0.875138876691772
1987,4,"Apr","sst",1.46905629193112,-1.35059168353061
1987,5,"May","sst",1.03513067353201,-1.41721736344567
1987,6,"Jun","sst",-0.0307225012172625,-2.04176401652295
1987,7,"Jul","sst",0.565418321445779,-3.7183891913656
1987,8,"Aug","sst",0.8274807527865,-3.50221581296742
1987,9,"Sep","sst",0.86611012810037,-2.78391455869673
1987,10,"Oct","sst",0.782463138135881,-1.77485885781294
1987,11,"Nov","sst",1.14215075559084,-0.988068132675247
1987,12,"Dec","sst",0.715429764765344,-1.77805652436176
1988,1,"Jan","sst",0.35072150977941,-1.69446809519739
1988,2,"Feb","sst",0.656715397213183,-1.28351248898548
1988,3,"Mar","sst",0.538910084285503,-1.39641882954753
1988,4,"Apr","sst",0.448558010996183,-1.41703805556537
1988,5,"May","sst",0.234782019827888,-1.85965715948663
1988,6,"Jun","sst",-0.158941512862073,-2.40357436136951
1988,7,"Jul","sst",-0.228271020276864,-2.17263000330612
1988,8,"Aug","sst",-0.846207918795725,-1.68869244005606
1988,9,"Sep","sst",-0.92169305541554,-1.80037598736065
1988,10,"Oct","sst",-0.180517485103547,-0.963363312081004
1988,11,"Nov","sst",-0.277097044539138,-0.751272179469434
1988,12,"Dec","sst",-0.428534303811616,-0.535911881669083
1989,1,"Jan","sst",-1.08613011684855,-0.433207623593549
1989,2,"Feb","sst",-1.15684977239463,0.0313803944369297
1989,3,"Mar","sst",-0.825374512555626,-0.11493000104318
1989,4,"Apr","sst",0.242059668311055,-0.0221018195354488
1989,5,"May","sst",0.289723445351277,0.32096597302639
1989,6,"Jun","sst",0.0397706607289691,-0.0107509886774169
1989,7,"Jul","sst",0.456880127859671,-0.426156025023187
1989,8,"Aug","sst",0.198556325167718,0.533003885224577
1989,9,"Sep","sst",0.23280928755229,0.881578053654562
1989,10,"Oct","sst",0.0921298665863422,0.90303188718811
1989,11,"Nov","sst",-0.171189661124842,1.25004999437379
1989,12,"Dec","sst",0.353476380554204,0.850537902559814
1990,1,"Jan","sst",0.048279569260044,0.925578228122972
1990,2,"Feb","sst",-0.783565468011447,0.106670984579026
1990,3,"Mar","sst",-0.494424602118116,0.181621750821803
1990,4,"Apr","sst",0.500833134427926,0.382637181410308
1990,5,"May","sst",0.304255391069365,0.644663250595146
1990,6,"Jun","sst",0.213506357032573,0.311914854875124
1990,7,"Jul","sst",0.411368367264159,0.388476027686964
1990,8,"Aug","sst",0.23930604313354,-0.200644918074425
1990,9,"Sep","sst",0.467076547984826,0.325134392026525
1990,10,"Oct","sst",-0.31530864441924,0.864522310011704
1990,11,"Nov","sst",-0.735745527099263,1.66076507499385
1990,12,"Dec","sst",-0.954843276966135,2.14452384908937
1991,1,"Jan","sst",-0.524211804856866,2.48427178736395
1991,2,"Feb","sst",-0.138225157616935,1.82525160124816
1991,3,"Mar","sst",-0.11083221586641,1.53609119803374
1991,4,"Apr","sst",-0.626016643055332,1.1440117437424
1991,5,"May","sst",-0.955119710660459,0.651761899798558
1991,6,"Jun","sst",-1.41244044794666,1.04249948125792
1991,7,"Jul","sst",-0.948464106633928,0.570941532261943
1991,8,"Aug","sst",-0.807728799234096,-0.841557557099594
1991,9,"Sep","sst",0.156988288665783,-1.12766880885017
1991,10,"Oct","sst",0.818263298593368,0.351910460566191
1991,11,"Nov","sst",1.10400191110786,1.36769310120011
1991,12,"Dec","sst",0.282674595408161,0.643345855325403
1992,1,"Jan","sst",0.450586731962476,-0.0997078045217979
1992,2,"Feb","sst",0.586435396688838,0.0502074573750052
1992,3,"Mar","sst",0.804991574157374,0.448274024499527
1992,4,"Apr","sst",1.14472861352811,0.301385279833405
1992,5,"May","sst",1.7423674990434,0.422940051034615
1992,6,"Jun","sst",1.55298019519643,0.41549869312511
1992,7,"Jul","sst",1.48625258160315,-0.47200691251737
1992,8,"Aug","sst",0.643722220726107,-1.16772900664523
1992,9,"Sep","sst",0.376300651884207,-0.569512454057649
1992,10,"Oct","sst",1.01791307837948,-0.608754139936843
1992,11,"Nov","sst",1.35922090099896,-0.239399470112609
1992,12,"Dec","sst",0.437211427430037,-0.575400779868402
1993,1,"Jan","sst",0.181906323272942,0.133028077327346
1993,2,"Feb","sst",0.416991529112209,0.0441007072374788
1993,3,"Mar","sst",0.779093908522003,0.056922745236604
1993,4,"Apr","sst",1.42390020455812,-0.123004527112184
1993,5,"May","sst",1.75268875723267,-0.882433306656517
1993,6,"Jun","sst",1.9083887359477,-0.639627669555088
1993,7,"Jul","sst",1.16395673002946,-0.760161686787506
1993,8,"Aug","sst",1.25641009218656,-1.53043257803308
1993,9,"Sep","sst",0.828337734587611,-1.1256738706374
1993,10,"Oct","sst",1.31584386592071,-0.114953131405537
1993,11,"Nov","sst",1.46915752210578,0.441067188086737
1993,12,"Dec","sst",0.958660953946434,-0.0781208920832841
1994,1,"Jan","sst",1.16698597309221,-0.0732496354159638
1994,2,"Feb","sst",0.845947623653745,0.407636099022892
1994,3,"Mar","sst",0.780906266236732,0.427695434623473
1994,4,"Apr","sst",0.953907221038791,0.0771978643953695
1994,5,"May","sst",0.817814747764763,-0.307193683517809
1994,6,"Jun","sst",0.412155412233585,-0.215872061450137
1994,7,"Jul","sst",-0.124879380970343,0.335867967939293
1994,8,"Aug","sst",0.185960446704964,0.68023429788179
1994,9,"Sep","sst",-0.473038663603307,1.01724734850102
1994,10,"Oct","sst",-0.240751106951185,0.977186923838387
1994,11,"Nov","sst",-1.2622912521796,1.04231870843119
1994,12,"Dec","sst",-1.61104499912434,0.927632892586977
1995,1,"Jan","sst",-0.525555193719746,-0.344302965457388
1995,2,"Feb","sst",0.186937552565014,-0.624853066854217
1995,3,"Mar","sst",0.832216120817749,0.0292554747651175
1995,4,"Apr","sst",0.538574943245811,-0.75345523187805
1995,5,"May","sst",0.983522890508345,-0.626126734732393
1995,6,"Jun","sst",0.627359307263769,-1.7865697144777
1995,7,"Jul","sst",1.06564339826573,-1.44556283567808
1995,8,"Aug","sst",0.12647362339005,-0.891996383304121
1995,9,"Sep","sst",1.22245125696965,-1.15793993378795
1995,10,"Oct","sst",0.570897086604593,-1.40576059808673
1995,11,"Nov","sst",0.137990575151651,-0.0587291635386561
1995,12,"Dec","sst",0.67085950931124,0.644633378387746
1996,1,"Jan","sst",1.12093230186626,0.601990275449079
1996,2,"Feb","sst",1.15284491944364,0.666681534218791
1996,3,"Mar","sst",1.18696274478803,0.549507732763567
1996,4,"Apr","sst",1.46357705582349,0.300277019615755
1996,5,"May","sst",1.97301984224112,0.0290000699494062
1996,6,"Jun","sst",1.08590551646655,0.0955281474866312
1996,7,"Jul","sst",0.362929458875603,0.0584689300849369
1996,8,"Aug","sst",-0.19217055642616,0.439725095241653
1996,9,"Sep","sst",0.330040298650385,-0.148247130472797
1996,10,"Oct","sst",0.399127722529876,-0.129951421441947
1996,11,"Nov","sst",0.486724077507961,0.335738108484924
1996,12,"Dec","sst",0.265951407557853,0.444122351573483
1997,1,"Jan","sst",0.800765562325388,0.0727068879977797
1997,2,"Feb","sst",0.724071183942067,0.418801235085084
1997,3,"Mar","sst",0.789833919284718,0.159094580491358
1997,4,"Apr","sst",1.21725756822195,0.380077636320305
1997,5,"May","sst",2.15544154828435,0.188407232682995
1997,6,"Jun","sst",2.88189157153866,0.164167933136504
1997,7,"Jul","sst",1.94719715947929,0.0163755829617165
1997,8,"Aug","sst",2.44874024954979,-0.518259542817368
1997,9,"Sep","sst",2.00412001714759,-0.0347940003266907
1997,10,"Oct","sst",1.47800006973058,-1.02187557063603
1997,11,"Nov","sst",1.59104832227798,-0.145133958463827
1997,12,"Dec","sst",1.08857597590782,-0.83763884430013
1998,1,"Jan","sst",1.10870540112658,-0.999102428346862
1998,2,"Feb","sst",1.51117101327699,-1.21768884811805
1998,3,"Mar","sst",1.64703532163355,-0.943971327757151
1998,4,"Apr","sst",0.741105745890911,-1.12541933747287
1998,5,"May","sst",0.00840615849314583,-1.25612525065794
1998,6,"Jun","sst",-0.277985604967224,-0.32675964200764
1998,7,"Jul","sst",-0.277885050006576,0.15058433878496
1998,8,"Aug","sst",0.0720653819899224,0.0555028125150501
1998,9,"Sep","sst",-0.954286831067681,-1.06946243467791
1998,10,"Oct","sst",-1.36179823904473,-0.138704549782883
1998,11,"Nov","sst",-0.379072719209869,-0.610450439220787
1998,12,"Dec","sst",-0.956634059522721,-1.59951904726282
1999,1,"Jan","sst",-0.593160716270245,-0.858107223839194
1999,2,"Feb","sst",-1.07981050783581,-1.22324347921386
1999,3,"Mar","sst",-1.25889661168462,-1.79226743949317
1999,4,"Apr","sst",-1.84207711546691,-1.49019316601092
1999,5,"May","sst",-2.37744592673721,-1.27276927001502
1999,6,"Jun","sst",-2.28877245880109,-1.12366601605701
1999,7,"Jul","sst",-1.93459923370232,-1.60001848732164
1999,8,"Aug","sst",-1.6255141543933,-1.32228731695592
1999,9,"Sep","sst",-1.85492456659498,-1.62096482927794
1999,10,"Oct","sst",-1.9807174602257,-0.44655566899806
1999,11,"Nov","sst",-1.95531741553931,-0.713419490382885
1999,12,"Dec","sst",-1.9125923733276,-1.13963468703313
2000,1,"Jan","sst",-1.84365365554947,-0.470651354609954
2000,2,"Feb","sst",-1.32702515352957,-1.19675249912568
2000,3,"Mar","sst",-0.865775636633466,-1.59222283509431
2000,4,"Apr","sst",-0.563528788233201,-0.938941133167141
2000,5,"May","sst",-0.661200496785149,-0.968824748663894
2000,6,"Jun","sst",-0.24809585303209,-0.642676316105955
2000,7,"Jul","sst",-0.510625938177618,0.51418594585545
2000,8,"Aug","sst",-0.847063053662774,0.621096308952021
2000,9,"Sep","sst",-0.674531840472049,1.10100772978845
2000,10,"Oct","sst",-0.833450617335363,0.524545398445077
2000,11,"Nov","sst",-1.01033803507143,-0.906227701024512
2000,12,"Dec","sst",-0.0494672494756728,-1.00460234614619
2001,1,"Jan","sst",0.288049044765912,-1.66124405748494
2001,2,"Feb","sst",-0.0858064626184413,-1.52255064814316
2001,3,"Mar","sst",-0.357033373266319,-1.48832143269107
2001,4,"Apr","sst",-0.914176702546193,-0.874347557278551
2001,5,"May","sst",-0.87836834892847,-1.11410235714483
2001,6,"Jun","sst",-0.973042160301359,-0.980991229709962
2001,7,"Jul","sst",-1.38710597052446,0.492476436242862
2001,8,"Aug","sst",-1.27139712377218,-0.295791307930539
2001,9,"Sep","sst",-1.54207463002854,-0.605598453747208
2001,10,"Oct","sst",-1.4620564953385,-0.719135067896672
2001,11,"Nov","sst",-1.12804305189639,-1.09236399468255
2001,12,"Dec","sst",-1.16120639435045,-1.20400557931012
2002,1,"Jan","sst",-0.670083519078537,-1.41696666581271
2002,2,"Feb","sst",-1.34275073291578,-1.23563548409004
2002,3,"Mar","sst",-1.08858563997511,-1.1639366884144
2002,4,"Apr","sst",-0.689255465154677,-0.172630854049035
2002,5,"May","sst",-0.628064512609745,0.837752347942983
2002,6,"Jun","sst",-0.656041251330696,-0.0151925827442253
2002,7,"Jul","sst",-0.501871642539257,-0.690983493261986
2002,8,"Aug","sst",0.017537845103091,-0.45270015486021
2002,9,"Sep","sst",-0.0313159045374825,-0.129911180542551
2002,10,"Oct","sst",0.335835294611052,0.327066782422739
2002,11,"Nov","sst",0.943381916282625,-0.546651622861815
2002,12,"Dec","sst",1.43300617395805,-1.09140428942126
2003,1,"Jan","sst",1.24600929867398,-1.62584563224459
2003,2,"Feb","sst",1.23353663718028,-0.877839991636246
2003,3,"Mar","sst",1.13812855317708,-0.790909577713362
2003,4,"Apr","sst",0.476310908309449,-0.657959807205291
2003,5,"May","sst",0.476288487674985,-0.433366070668117
2003,6,"Jun","sst",0.0100891131964377,-0.240913872632185
2003,7,"Jul","sst",0.459265529852299,-0.187849583928846
2003,8,"Aug","sst",0.669916044353726,-0.200479873950608
2003,9,"Sep","sst",0.151490200811977,0.201231031894354
2003,10,"Oct","sst",0.778382144274855,-0.524245815205039
2003,11,"Nov","sst",0.291210441241826,0.381725842118059
2003,12,"Dec","sst",-0.420767012827115,-0.479659934268018
2004,1,"Jan","sst",-0.372977016643535,-0.251309865979565
2004,2,"Feb","sst",-0.143038961457809,-0.387647577285064
2004,3,"Mar","sst",0.0689005700854244,-0.262370820418235
2004,4,"Apr","sst",0.327781080734748,-0.115526523179881
2004,5,"May","sst",1.13934760058227,0.385322276751488
2004,6,"Jun","sst",0.770071284755003,1.08219624712432
2004,7,"Jul","sst",0.960019261790143,1.2345940563708
2004,8,"Aug","sst",0.946932484019459,0.829423313955448
2004,9,"Sep","sst",0.341983545286131,0.737061161773311
2004,10,"Oct","sst",-0.250387359833794,0.834098992934134
2004,11,"Nov","sst",-0.648603443242467,0.924056398139052
2004,12,"Dec","sst",-0.37925407717225,0.242359208653266
2005,1,"Jan","sst",0.136617496654749,0.699537952934417
2005,2,"Feb","sst",0.373817101876839,0.621937808198804
2005,3,"Mar","sst",1.05869284110976,0.402861287979488
2005,4,"Apr","sst",0.623987900151662,0.27439377712292
2005,5,"May","sst",1.70617962892557,0.537475341996759
2005,6,"Jun","sst",1.16869869793825,0.404351768806062
2005,7,"Jul","sst",0.656963999397506,0.637513327834632
2005,8,"Aug","sst",0.340447925460477,0.396375933456492
2005,9,"Sep","sst",-0.368451381649688,0.781878122061561
2005,10,"Oct","sst",-1.22130678566769,0.719051043429903
2005,11,"Nov","sst",-1.1901546381902,0.855871088646027
2005,12,"Dec","sst",-0.181170573383425,0.474269570821426
2006,1,"Jan","sst",0.261779635504848,-0.4227922511887
2006,2,"Feb","sst",0.0499766889476065,-0.884940725224579
2006,3,"Mar","sst",-0.706568692029882,-0.695032110048317
2006,4,"Apr","sst",-0.921516679809528,-0.965839613720462
2006,5,"May","sst",-0.810938683122532,-1.21376332402335
2006,6,"Jun","sst",0.0326525856068889,-0.472675622788736
2006,7,"Jul","sst",0.305347418217219,-0.606338105443684
2006,8,"Aug","sst",-0.518391866164867,-0.150107814155334
2006,9,"Sep","sst",-0.987553363230414,0.608811920740835
2006,10,"Oct","sst",-0.0812673197227644,0.551257075365552
2006,11,"Nov","sst",-0.248751526746085,0.759736052975409
2006,12,"Dec","sst",-0.447741909971973,-0.463052777214924
2007,1,"Jan","sst",-0.760495780456442,-1.1061297091056
2007,2,"Feb","sst",-0.54784790488772,-0.890305693900425
2007,3,"Mar","sst",-1.04234797607595,-0.881688394902254
2007,4,"Apr","sst",-0.663089356321311,-1.17958109601964
2007,5,"May","sst",-0.664183709215534,-1.16094766730518
2007,6,"Jun","sst",-0.199928668563606,-1.00134351847363
2007,7,"Jul","sst",0.0675865849186132,-1.6498599556809
2007,8,"Aug","sst",0.0785890195411264,-1.20851434807387
2007,9,"Sep","sst",-0.591301069513328,-0.4139137111568
2007,10,"Oct","sst",-2.06281671309676,-0.326181887820267
2007,11,"Nov","sst",-1.54072072289568,-0.672980725758802
2007,12,"Dec","sst",-1.11412651636953,-0.976185435296675
2008,1,"Jan","sst",-1.65840431084585,-0.808336211342963
2008,2,"Feb","sst",-1.77596632975622,-0.900034421903815
2008,3,"Mar","sst",-1.48186572967437,-1.067668961228
2008,4,"Apr","sst",-1.91011502508493,-0.906118088931936
2008,5,"May","sst",-1.79467249089503,-0.972682635959055
2008,6,"Jun","sst",-1.8014065096004,0.407880141327376
2008,7,"Jul","sst",-1.3354899206232,0.481335323336404
2008,8,"Aug","sst",-1.37058738738969,-0.0595783013801928
2008,9,"Sep","sst",-1.36625012822597,0.0877348505783205
2008,10,"Oct","sst",-1.4449811232877,0.0548270407111367
2008,11,"Nov","sst",-1.39233644744574,0.0287451110274432
2008,12,"Dec","sst",-1.24980467643179,0.196346507277611
2009,1,"Jan","sst",-1.6089209764574,0.769740083737708
2009,2,"Feb","sst",-1.54494992019459,0.388095099789407
2009,3,"Mar","sst",-1.90258806398782,0.175617640204526
2009,4,"Apr","sst",-2.13679010277949,0.215683928343674
2009,5,"May","sst",-1.12808641973033,0.470021454752011
2009,6,"Jun","sst",-0.37345844526817,1.25334819325419
2009,7,"Jul","sst",-0.571278436943443,0.456066933387118
2009,8,"Aug","sst",-0.501785771003958,-0.161484316908926
2009,9,"Sep","sst",-0.194979884567464,-1.7505399263334
2009,10,"Oct","sst",-0.15174390647166,-0.883895272280871
2009,11,"Nov","sst",-0.872781012145259,-0.527579592301738
2009,12,"Dec","sst",-0.562833402635156,-0.779696584613529
2010,1,"Jan","sst",0.0857630117494499,-0.441452289740186
2010,2,"Feb","sst",0.215240793897569,-0.829485360931126
2010,3,"Mar","sst",-0.203476737723227,-1.17968104370358
2010,4,"Apr","sst",-0.416712068597067,-1.46916312631565
2010,5,"May","sst",-0.654147952917158,-1.12931730005337
2010,6,"Jun","sst",-1.09398987874625,-1.11449023736495
2010,7,"Jul","sst",-1.76716465539834,-0.406903891752833
2010,8,"Aug","sst",-1.63415747043853,0.0796703806034159
2010,9,"Sep","sst",-1.57096675532851,0.319512255091773
2010,10,"Oct","sst",-1.42501057203262,-1.34694575172756
2010,11,"Nov","sst",-1.55043908482806,-1.15241301955879
2010,12,"Dec","sst",-1.67434118567003,-0.171187233014888
2011,1,"Jan","sst",-1.66702228791823,0.0369822327789859
2011,2,"Feb","sst",-1.32271862676673,0.219308557440327
2011,3,"Mar","sst",-1.32761457058898,-0.0907453592225657
2011,4,"Apr","sst",-1.23837068075167,-0.148768496694246
2011,5,"May","sst",-1.22308785766655,-0.0695735746976707
2011,6,"Jun","sst",-1.57403565336044,0.0344298722456364
2011,7,"Jul","sst",-2.16042044042258,0.580630589097613
2011,8,"Aug","sst",-2.12042896532213,0.945585747657842
2011,9,"Sep","sst",-1.99302461611036,0.354267111947255
2011,10,"Oct","sst",-1.68351398196144,-0.182532921513352
2011,11,"Nov","sst",-2.3793903213575,0.556614516594068
2011,12,"Dec","sst",-2.24994252408586,0.420131965496312
2012,1,"Jan","sst",-1.94058960791222,0.00617347935891079
2012,2,"Feb","sst",-1.56389803584257,-0.28042800630564
2012,3,"Mar","sst",-1.96035754153972,-0.816966726883472
2012,4,"Apr","sst",-1.4040065192631,-1.0995740890801
2012,5,"May","sst",-2.09983901637393,-0.774077469276408
2012,6,"Jun","sst",-2.05902951723781,-1.11705067014499
2012,7,"Jul","sst",-2.3428670001322,-0.201207641232633
2012,8,"Aug","sst",-2.18297925502371,0.21646153616547
2012,9,"Sep","sst",-2.31077857970855,0.516918506697462
2012,10,"Oct","sst",-1.08154158337199,-0.271480863031376
2012,11,"Nov","sst",-0.904534308895023,-0.247534168261706
2012,12,"Dec","sst",-1.57854395262305,0.268596521625852
2013,1,"Jan","sst",-1.54727487760734,-0.69222699508312
2013,2,"Feb","sst",-1.67073829665396,-0.629923712601313
2013,3,"Mar","sst",-1.5200055451163,-0.466848348042148
2013,4,"Apr","sst",-0.805068383398911,0.0626282966612876
2013,5,"May","sst",-0.42481178761178,0.961976201786021
2013,6,"Jun","sst",-0.588233601378749,1.36756345589926
2013,7,"Jul","sst",-0.341672789495459,1.95444596331537
2013,8,"Aug","sst",-0.370082407083888,1.88310647395331
2013,9,"Sep","sst",-0.327835599055716,0.652980822482696
2013,10,"Oct","sst",-1.2415179504957,0.669156631040238
2013,11,"Nov","sst",-0.586850417663205,1.5943661109954
2013,12,"Dec","sst",-0.552411922363097,2.32517603433794
2014,1,"Jan","sst",-0.0340954951446643,2.32957091570679
2014,2,"Feb","sst",0.0648530723840046,1.79745799052602
2014,3,"Mar","sst",0.694362162194755,0.944820421589383
2014,4,"Apr","sst",0.730260230164356,0.77444955546572
2014,5,"May","sst",1.60596224451794,1.45300957541206
2014,6,"Jun","sst",0.698528468258268,2.65410607953061
2014,7,"Jul","sst",1.38862318273327,1.92026089523508
2014,8,"Aug","sst",1.48040098817974,2.20153589431577
2014,9,"Sep","sst",1.66571592418223,2.21666425081141
2014,10,"Oct","sst",1.7222095440173,0.717138426841049
2014,11,"Nov","sst",1.59155970429166,0.371395621248181
2014,12,"Dec","sst",1.98820685423241,0.180996315902925
2015,1,"Jan","sst",1.85198677231493,0.738980741799917
2015,2,"Feb","sst",2.02819002024098,1.17076790895187
2015,3,"Mar","sst",2.11544782437099,1.51564138204165
2015,4,"Apr","sst",1.70918949399844,1.33723965898261
2015,5,"May","sst",1.37150552150404,1.22196827411604
2015,6,"Jun","sst",1.66360047056382,1.66642474221342
2015,7,"Jul","sst",1.94744604215665,1.10668849129572
2015,8,"Aug","sst",1.61258976693558,1.25796604499599
2015,9,"Sep","sst",1.30379844994718,1.46588815267164
2015,10,"Oct","sst",1.46390168883164,2.15589909789553
2015,11,"Nov","sst",0.850171827799772,1.71266845732416
2015,12,"Dec","sst",0.655506777304581,0.537561978711721
2016,1,"Jan","sst",1.03492454310792,-0.271915357420634
2016,2,"Feb","sst",1.46898878493285,-0.744290751074474
2016,3,"Mar","sst",1.81238723260608,-1.10924403312166
2016,4,"Apr","sst",2.1664372195755,-0.764814038888741
2016,5,"May","sst",2.2191592203846,-0.284554840202651
2016,6,"Jun","sst",1.54925608781603,0.823551823116419
2016,7,"Jul","sst",1.3951591285255,1.64876265273192
2016,8,"Aug","sst",0.804356404903241,2.31909544975167
2016,9,"Sep","sst",0.656472308862092,2.45414649690218
2016,10,"Oct","sst",0.542259927576844,1.11636947191145
2016,11,"Nov","sst",0.86303496830849,-1.30541437353811
2016,12,"Dec","sst",0.38147941021224,-1.34931139017584
2017,1,"Jan","sst",0.042237427383747,-0.970785880428294
2017,2,"Feb","sst",0.106665594791751,-0.85495221423648
2017,3,"Mar","sst",0.15747922675517,-0.426328975920511
2017,4,"Apr","sst",0.546643233538557,-0.426401110818586
2017,5,"May","sst",0.692337267852942,-0.227356674935767
2017,6,"Jun","sst",0.474264432582936,-0.219838599073757
2017,7,"Jul","sst",0.33511314123797,0.473559950418325
2017,8,"Aug","sst",0.267989122279436,0.689904166713243
2017,9,"Sep","sst",0.0760284630719511,0.0313700184151068
2017,10,"Oct","sst",-0.193497014982262,0.655515202584821
2017,11,"Nov","sst",-0.213241678435026,1.16008836558961
2017,12,"Dec","sst",0.0964652276961113,0.563749491344763
2018,1,"Jan","sst",0.584307152070218,0.380033384834573
2018,2,"Feb","sst",0.173135868973526,0.957867596922946
2018,3,"Mar","sst",-0.243401025009544,0.795407070714138
2018,4,"Apr","sst",0.0494682096962594,1.06877302355148
2018,5,"May","sst",0.22734649465228,0.80921510583581
2018,6,"Jun","sst",-0.0884798513648054,0.893695872153011
2018,7,"Jul","sst",0.504595110442968,1.06167595899658
2018,8,"Aug","sst",0.332787145492725,0.970700154135151
2018,9,"Sep","sst",0.507921920038715,1.7156067476072
2018,10,"Oct","sst",0.681794782348845,2.47600777859025
2018,11,"Nov","sst",0.697794288148612,2.60079186196702
2018,12,"Dec","sst",0.613733346908001,1.22138174177648
2019,1,"Jan","sst",0.171226893492414,0.459921938213163
2019,2,"Feb","sst",-0.0367271922951733,0.508344811730682
2019,3,"Mar","sst",0.312534240249819,0.24690396377444
2019,4,"Apr","sst",0.769718904068551,0.504481434238056
2019,5,"May","sst",1.28765483059845,1.25206206995815
2019,6,"Jun","sst",1.026238488402,2.06032705755094
2019,7,"Jul","sst",1.58891890463703,1.70811512563707
2019,8,"Aug","sst",1.43934193271771,2.02616678196029
2019,9,"Sep","sst",1.30774478013532,2.01866967674869
2019,10,"Oct","sst",0.208284346072093,2.38747051189653
2019,11,"Nov","sst",0.759000246764284,2.92236942277455
2019,12,"Dec","sst",0.82375106676711,1.57192538520997
2020,1,"Jan","sst",-0.568354530000566,1.18882847324568
2020,2,"Feb","sst",-0.806104654502684,0.791808127857682
2020,3,"Mar","sst",-1.10639595850473,0.855271428573516
2020,4,"Apr","sst",-0.530077152916586,1.88902896893473
2020,5,"May","sst",0.320504675955672,1.71357332516716
2020,6,"Jun","sst",0.288640730149997,1.87807942367288
2020,7,"Jul","sst",0.0866320787972585,2.85002671243779
2020,8,"Aug","sst",-0.347827630987385,1.92987778038715
2020,9,"Sep","sst",-0.010845209614712,2.34176241808614
2020,10,"Oct","sst",0.461612346659055,2.30416177979844
2020,11,"Nov","sst",-0.359835107667318,3.16431590069602
2020,12,"Dec","sst",-0.325637640942447,1.44606335427666
2021,1,"Jan","sst",-0.373553577706122,0.179774043892362
2021,2,"Feb","sst",-0.730867952145503,0.334000132244645
2021,3,"Mar","sst",-1.27433849830873,0.226833208995708
2021,4,"Apr","sst",-1.22164409980689,0.764136967473474
2021,5,"May","sst",-1.24930480929254,1.13957742602565
1948,1,"Jan","slp",0.545541235009078,1.90267369827246
1948,2,"Feb","slp",2.08786044953089,-0.406332702915459
1948,3,"Mar","slp",1.62386605237092,1.2711909344326
1948,4,"Apr","slp",2.50449645854356,-1.34034913507994
1948,5,"May","slp",0.4303030723481,-0.209207170407725
1948,6,"Jun","slp",-0.0225317362689065,-0.507784172969891
1948,7,"Jul","slp",-0.0885122176712735,0.785274520082393
1948,8,"Aug","slp",0.509512732708597,0.493351521340335
1948,9,"Sep","slp",0.414549590247192,0.741868966910286
1948,10,"Oct","slp",-0.568572313203652,1.40115263532002
1948,11,"Nov","slp",-0.0874955911214063,0.928949836318098
1948,12,"Dec","slp",1.84111430237594,2.1800056535116
1949,1,"Jan","slp",1.83303204222764,1.36045046902014
1949,2,"Feb","slp",1.01085123050318,0.266549400099447
1949,3,"Mar","slp",-1.39721427852509,0.0427714334391611
1949,4,"Apr","slp",-0.537218848370889,0.0229623139590026
1949,5,"May","slp",0.151571039321269,-0.245772466757469
1949,6,"Jun","slp",0.575003552804072,-0.263539107322547
1949,7,"Jul","slp",0.354140951838428,0.770023252968941
1949,8,"Aug","slp",0.0961224713806291,0.711397817337392
1949,9,"Sep","slp",-0.514537581883869,0.30220155039399
1949,10,"Oct","slp",0.122108445376444,0.234901726009707
1949,11,"Nov","slp",-1.4678753763248,0.965252452028793
1949,12,"Dec","slp",1.06732018372326,-0.0959852583951949
1950,1,"Jan","slp",3.60879644984073,-1.31779036055892
1950,2,"Feb","slp",0.57072940686423,0.110582908276352
1950,3,"Mar","slp",-1.61070348139586,-0.0213241224656979
1950,4,"Apr","slp",0.219442555543713,0.0751489821269686
1950,5,"May","slp",-0.0656391689968789,0.684586667022914
1950,6,"Jun","slp",0.0991672149507776,0.0360426429137525
1950,7,"Jul","slp",-0.51152097915909,0.669159327229833
1950,8,"Aug","slp",-0.932190780332953,-0.58180284914367
1950,9,"Sep","slp",-0.688227912521093,0.200223254888644
1950,10,"Oct","slp",-0.785202461433174,0.584458834278095
1950,11,"Nov","slp",2.22292683638235,-2.39995432491594
1950,12,"Dec","slp",-0.285419360045063,-0.127149457425135
1951,1,"Jan","slp",0.675227403933481,0.921795561773164
1951,2,"Feb","slp",0.901141275085012,0.845907274100787
1951,3,"Mar","slp",1.29144458765857,-0.65757083116099
1951,4,"Apr","slp",-0.995987570314817,-0.709295782848472
1951,5,"May","slp",-0.90839727445686,-0.607600034933315
1951,6,"Jun","slp",-0.394777171637775,-0.80767520064137
1951,7,"Jul","slp",0.183606178319342,-0.0178939386294799
1951,8,"Aug","slp",0.048782911713323,-0.400634365823451
1951,9,"Sep","slp",-0.470838802753598,-1.41296670240627
1951,10,"Oct","slp",-0.238458024565654,-0.513581901001568
1951,11,"Nov","slp",-0.572125570452859,0.192489080403081
1951,12,"Dec","slp",2.06039607106276,0.329850876560743
1952,1,"Jan","slp",1.05838682157502,1.74384964766948
1952,2,"Feb","slp",-0.427158558268649,1.07274162309348
1952,3,"Mar","slp",0.58402170510373,1.1219792067338
1952,4,"Apr","slp",-0.672769307995256,0.847361543837222
1952,5,"May","slp",0.213687046416789,0.186693206115161
1952,6,"Jun","slp",-0.427108633673216,0.623710254839068
1952,7,"Jul","slp",0.264380122836984,-0.133589421591317
1952,8,"Aug","slp",0.305438779807801,-0.280947461329026
1952,9,"Sep","slp",0.0221107650696952,-0.526751018054218
1952,10,"Oct","slp",-0.263652346304952,0.171552264417172
1952,11,"Nov","slp",-0.981852285857756,0.836017762692119
1952,12,"Dec","slp",-1.86583795152701,1.22969146511877
1953,1,"Jan","slp",-1.27405473128906,-1.16807320479656
1953,2,"Feb","slp",-0.406395586978429,1.63438748719964
1953,3,"Mar","slp",0.635514752757737,1.44552706825432
1953,4,"Apr","slp",-1.41927187838008,-0.847133509627071
1953,5,"May","slp",-0.711306587714736,-0.106003066070896
1953,6,"Jun","slp",0.666179386093818,-0.26443066401005
1953,7,"Jul","slp",0.0698642183502772,-0.431728502893433
1953,8,"Aug","slp",0.074389124678117,0.779995882999498
1953,9,"Sep","slp",0.553613036415075,0.170221013911917
1953,10,"Oct","slp",-0.945085086549589,-0.123677505409001
1953,11,"Nov","slp",-2.20630572797126,0.976472969631346
1953,12,"Dec","slp",-0.630319578757389,1.21119842565135
1954,1,"Jan","slp",1.68635265442441,-0.624263022575237
1954,2,"Feb","slp",-0.305664428933922,-0.423194991902665
1954,3,"Mar","slp",1.73367947063043,0.295699160683906
1954,4,"Apr","slp",1.09727808859194,-1.55535654044632
1954,5,"May","slp",-0.611913205602487,0.271298760357317
1954,6,"Jun","slp",-0.891602428242649,-0.0564388605170571
1954,7,"Jul","slp",0.159517136033114,0.329341510515977
1954,8,"Aug","slp",0.27069945915666,0.248310309761777
1954,9,"Sep","slp",0.342486042507877,-0.0342996919069146
1954,10,"Oct","slp",-0.981757263839487,-0.577099617642718
1954,11,"Nov","slp",-1.90415898313246,-0.693258825822567
1954,12,"Dec","slp",0.968112555657177,0.563024545382221
1955,1,"Jan","slp",-0.489979630287806,2.71140437392445
1955,2,"Feb","slp",2.30393073128849,0.727569238006573
1955,3,"Mar","slp",1.27744940584079,0.287186697327189
1955,4,"Apr","slp",0.42496710999576,1.1208397629756
1955,5,"May","slp",-0.295332056980808,1.00377994416525
1955,6,"Jun","slp",0.192615327338413,0.217368121390013
1955,7,"Jul","slp",-0.245696903135548,0.731017649626127
1955,8,"Aug","slp",0.418533194709113,0.737404696232939
1955,9,"Sep","slp",0.581194667334425,0.375764005114393
1955,10,"Oct","slp",-0.118178581369545,0.865520655126318
1955,11,"Nov","slp",0.641366509591255,-1.73834435045415
1955,12,"Dec","slp",1.70045109910722,-1.57984518188554
1956,1,"Jan","slp",1.46406291020859,-0.744184794093638
1956,2,"Feb","slp",1.52273813538699,0.497262492647817
1956,3,"Mar","slp",0.277100626689722,0.74379746298553
1956,4,"Apr","slp",-0.306457425595338,0.0408300386709721
1956,5,"May","slp",-0.803939816838876,0.98509176925942
1956,6,"Jun","slp",-0.213397143951509,0.645712360058987
1956,7,"Jul","slp",0.417646216428069,-0.359590911825984
1956,8,"Aug","slp",-0.522242038800626,-0.00871305685984323
1956,9,"Sep","slp",0.122674882007355,-0.219130653428571
1956,10,"Oct","slp",1.18865700753247,1.01026724261197
1956,11,"Nov","slp",0.0296528301807808,-1.20604897438943
1956,12,"Dec","slp",0.115904433415165,-2.40701933712373
1957,1,"Jan","slp",2.86154371384859,-0.119262223029161
1957,2,"Feb","slp",1.13102400259311,-1.16729882762701
1957,3,"Mar","slp",-1.29839708088076,-0.572791134076928
1957,4,"Apr","slp",-0.0471315041519525,0.558359757849253
1957,5,"May","slp",-0.946773902906686,-0.87820323996621
1957,6,"Jun","slp",-0.809745981643127,-0.807878099164756
1957,7,"Jul","slp",0.24781911532154,0.00559770441715355
1957,8,"Aug","slp",0.0787973956180353,-0.16369914942023
1957,9,"Sep","slp",-0.957302893309835,-1.20923314043839
1957,10,"Oct","slp",-0.551076940982453,-1.32239982320335
1957,11,"Nov","slp",-0.92637780663108,0.107063629785009
1957,12,"Dec","slp",0.910884009604485,2.41856061938192
1958,1,"Jan","slp",-2.06269859035315,0.438281170786935
1958,2,"Feb","slp",-1.96655524039309,-2.12294302104714
1958,3,"Mar","slp",0.806154326924859,0.496488590646227
1958,4,"Apr","slp",-0.908477240392003,0.0156464675986474
1958,5,"May","slp",-0.701947237552849,0.559339871360876
1958,6,"Jun","slp",-0.397294242735644,-0.296864549377047
1958,7,"Jul","slp",-0.615756609207644,0.316965505386766
1958,8,"Aug","slp",-0.172647902314514,0.560045981454292
1958,9,"Sep","slp",-0.10076363550654,0.134755890032758
1958,10,"Oct","slp",0.445646568821344,0.899382650359795
1958,11,"Nov","slp",-0.0216178226904108,0.412533876955223
1958,12,"Dec","slp",-0.854850310124859,-1.06900772109922
1959,1,"Jan","slp",0.737583380466655,-0.847849144315569
1959,2,"Feb","slp",1.52393641593948,2.07812143966386
1959,3,"Mar","slp",0.130407067888793,-0.333085976335362
1959,4,"Apr","slp",0.275991008322171,0.0447598586262139
1959,5,"May","slp",-0.095326432709316,-0.400432169926689
1959,6,"Jun","slp",-0.0978862383431322,-0.651114729592134
1959,7,"Jul","slp",0.199601778857507,-0.128065537195265
1959,8,"Aug","slp",0.359787164381511,-0.354194911349302
1959,9,"Sep","slp",-0.650254651482549,-0.278356424339359
1959,10,"Oct","slp",-0.746560730231075,-1.63918522632785
1959,11,"Nov","slp",-0.9081461784042,-0.798778667844764
1959,12,"Dec","slp",0.199499512737813,1.77366015095549
1960,1,"Jan","slp",-0.428188723728075,0.916273008489705
1960,2,"Feb","slp",-0.375037423659689,0.552827390942576
1960,3,"Mar","slp",0.528723455369228,-0.799487152784919
1960,4,"Apr","slp",-0.39905336547592,0.0957762339121158
1960,5,"May","slp",-0.307773825837918,0.0951984858790807
1960,6,"Jun","slp",0.361626373610933,-0.00973705231150743
1960,7,"Jul","slp",-0.239459771102463,-0.0821834052571221
1960,8,"Aug","slp",0.105297831164467,0.883993962564778
1960,9,"Sep","slp",0.564012232785748,0.291241575510023
1960,10,"Oct","slp",-0.466241695368465,0.727311819432767
1960,11,"Nov","slp",0.0695249875792433,0.51096881417338
1960,12,"Dec","slp",-0.817992223544362,-0.276764238907439
1961,1,"Jan","slp",-2.44392530796273,-0.766015400989003
1961,2,"Feb","slp",-0.575523804727588,0.367888922219884
1961,3,"Mar","slp",-0.745172595621363,-0.677454390716252
1961,4,"Apr","slp",1.03583061904347,0.410742243699368
1961,5,"May","slp",-0.403818692089949,0.770647681227944
1961,6,"Jun","slp",0.289377749936773,0.269291585926289
1961,7,"Jul","slp",0.310480306113828,-0.248483354928812
1961,8,"Aug","slp",-0.354089429245499,0.393561606007583
1961,9,"Sep","slp",0.69503446414044,0.625974043991691
1961,10,"Oct","slp",1.06789824343242,0.68347006731599
1961,11,"Nov","slp",0.398575108583409,0.761998822829923
1961,12,"Dec","slp",0.74443175587033,-1.89648706695783
1962,1,"Jan","slp",1.89331767068584,-1.44019951573459
1962,2,"Feb","slp",0.1959111321061,-0.729022029948859
1962,3,"Mar","slp",0.39448146860032,0.599730183599249
1962,4,"Apr","slp",1.17312919233116,-0.37983554738623
1962,5,"May","slp",1.08384426685346,0.601567264521717
1962,6,"Jun","slp",0.628405096922115,0.0816190980289854
1962,7,"Jul","slp",0.335983354554603,-0.184055085386558
1962,8,"Aug","slp",-0.0548427721036417,0.763552620762356
1962,9,"Sep","slp",0.294901900718466,0.507444430700789
1962,10,"Oct","slp",-0.763856002538573,0.0395286048223395
1962,11,"Nov","slp",-1.32189525458187,1.35203908806111
1962,12,"Dec","slp",-0.0993687344278101,-2.34371012773539
1963,1,"Jan","slp",-0.393008977408077,-3.79928097964143
1963,2,"Feb","slp",-1.50930562570317,-2.73040480523538
1963,3,"Mar","slp",1.89268766512665,0.508863960604432
1963,4,"Apr","slp",0.816685545797184,0.125586538312827
1963,5,"May","slp",0.222832528429048,0.697803474080144
1963,6,"Jun","slp",0.0542475855044915,0.980288421748269
1963,7,"Jul","slp",0.375462577158516,0.66301488417028
1963,8,"Aug","slp",0.089192959199981,-0.771445775562489
1963,9,"Sep","slp",-1.40406895524013,0.000418205305482315
1963,10,"Oct","slp",-0.424684056323061,0.860977805445915
1963,11,"Nov","slp",-0.124395080373583,-0.585285143438021
1963,12,"Dec","slp",-1.74464103760487,-1.13228939522621
1964,1,"Jan","slp",-0.6595419197771,2.67514972859067
1964,2,"Feb","slp",0.383349153903909,1.21553200615527
1964,3,"Mar","slp",0.819860050243014,0.420371783437279
1964,4,"Apr","slp",1.30153085793628,1.91604500489599
1964,5,"May","slp",2.11362196729934,0.336838428814498
1964,6,"Jun","slp",-0.547254287911041,-0.757884796679287
1964,7,"Jul","slp",-0.484401050802374,0.421234866693578
1964,8,"Aug","slp",-0.276406971039004,0.863831989416531
1964,9,"Sep","slp",0.195053629546927,0.465560768870838
1964,10,"Oct","slp",0.452248444517832,0.632927885994229
1964,11,"Nov","slp",0.448207586410914,-1.19805967990387
1964,12,"Dec","slp",1.38976071283016,-1.54342193612909
1965,1,"Jan","slp",-0.252230914214986,-0.479044429936063
1965,2,"Feb","slp",0.525638201620495,0.619719156506758
1965,3,"Mar","slp",-0.10312421040071,-2.24337799965965
1965,4,"Apr","slp",0.540769643878797,-0.776366206771156
1965,5,"May","slp",0.516513102990466,0.440810392148106
1965,6,"Jun","slp",-0.610502030149629,0.33387868977446
1965,7,"Jul","slp",0.123072385747993,-0.448707334394662
1965,8,"Aug","slp",-0.0871525667659243,-0.425214089576182
1965,9,"Sep","slp",0.399223048664502,-1.13987411587725
1965,10,"Oct","slp",-0.53433823851499,0.281635531809319
1965,11,"Nov","slp",1.02449496187194,0.649478986107571
1965,12,"Dec","slp",1.55210264993198,1.26997763465958
1966,1,"Jan","slp",-1.03648239026456,0.418923329232411
1966,2,"Feb","slp",1.45207642905872,2.47342498882713
1966,3,"Mar","slp",-0.0696243845038905,-1.0681626810501
1966,4,"Apr","slp",0.372731308126304,-1.80256998989483
1966,5,"May","slp",0.467843420181968,0.319837088689144
1966,6,"Jun","slp",-0.638991666682607,-0.476814195983132
1966,7,"Jul","slp",-0.0317558666998356,0.0995201064602352
1966,8,"Aug","slp",-0.169031579904002,0.305362586363168
1966,9,"Sep","slp",-1.32324741470861,-0.0221591126317394
1966,10,"Oct","slp",0.64360605510302,-0.381872232090826
1966,11,"Nov","slp",1.86787893780354,-0.909211450183358
1966,12,"Dec","slp",-0.709441488652851,-0.626043601839952
1967,1,"Jan","slp",0.422143376910648,1.83036760917401
1967,2,"Feb","slp",-0.0231355125598013,1.74936606304952
1967,3,"Mar","slp",1.59274026851311,-0.0267550820637521
1967,4,"Apr","slp",2.12231056526681,0.382283609752713
1967,5,"May","slp",1.09944282450806,-0.853485988913173
1967,6,"Jun","slp",-0.189913197980415,-1.19180437761415
1967,7,"Jul","slp",0.681019079703699,0.126506921252162
1967,8,"Aug","slp",-0.852988065410582,-0.305848050153581
1967,9,"Sep","slp",-1.71626178920762,0.258254280634051
1967,10,"Oct","slp",-0.869351702238359,0.0914420577124308
1967,11,"Nov","slp",0.424613747349234,0.342206280730567
1967,12,"Dec","slp",0.723116029276524,-0.275849209505617
1968,1,"Jan","slp",1.86895244752239,-1.12347593171804
1968,2,"Feb","slp",-2.27881899431304,-4.46784069990837
1968,3,"Mar","slp",-0.248604706435964,0.516471730023103
1968,4,"Apr","slp",0.56928465366457,0.58214916185032
1968,5,"May","slp",0.444341738256504,-1.25696444744004
1968,6,"Jun","slp",0.275731011488087,-0.566734981384909
1968,7,"Jul","slp",-0.596459401722781,-0.305513575896682
1968,8,"Aug","slp",-0.314139173752704,-0.546832065909634
1968,9,"Sep","slp",0.54249179977532,-0.415219652011962
1968,10,"Oct","slp",-0.66071839786236,0.508416507835598
1968,11,"Nov","slp",-1.97881316458388,-0.314953941850699
1968,12,"Dec","slp",1.84028996522732,-0.64538251011225
1969,1,"Jan","slp",2.4873758312436,0.41733457211304
1969,2,"Feb","slp",-0.526872776216783,2.04921811513034
1969,3,"Mar","slp",0.15730797089143,0.262768014400808
1969,4,"Apr","slp",-1.2947520607412,1.00087978513157
1969,5,"May","slp",-0.928777552591438,-0.557806200222317
1969,6,"Jun","slp",-0.899091963496682,-0.826508772543466
1969,7,"Jul","slp",0.418144316652405,0.334151260185975
1969,8,"Aug","slp",0.19055680684679,0.237813834775031
1969,9,"Sep","slp",-0.823475402402515,0.209693677325626
1969,10,"Oct","slp",-0.90519518915584,-1.60325051300975
1969,11,"Nov","slp",-0.431527118043379,-0.148814784742349
1969,12,"Dec","slp",-2.66968055327091,0.243170587966174
1970,1,"Jan","slp",0.161917196286657,-1.93613864970959
1970,2,"Feb","slp",-1.9805804973737,-0.579608509093112
1970,3,"Mar","slp",-1.4009352715672,-0.79838477328192
1970,4,"Apr","slp",0.517548067239418,1.3935951808616
1970,5,"May","slp",0.427314430326142,0.0862204487566127
1970,6,"Jun","slp",-0.298873302501095,0.00543682913365563
1970,7,"Jul","slp",-0.588407842228038,0.773604155165042
1970,8,"Aug","slp",-0.00224234237225262,0.84953900840052
1970,9,"Sep","slp",-0.010154639249999,-0.391727105402922
1970,10,"Oct","slp",0.714341061705184,0.456282348366322
1970,11,"Nov","slp",1.55630479329863,-0.794358228862771
1970,12,"Dec","slp",1.14351805552619,1.70228568060442
1971,1,"Jan","slp",2.3343229422365,-1.24418086789442
1971,2,"Feb","slp",-0.100344650228568,-0.639456965132381
1971,3,"Mar","slp",-0.330359839330404,0.532069086009337
1971,4,"Apr","slp",-0.37403462053125,0.652324540811585
1971,5,"May","slp",-0.374394450978856,0.241088634457846
1971,6,"Jun","slp",-0.347677193223391,0.204158571050933
1971,7,"Jul","slp",-0.252346984141476,-0.850967352282372
1971,8,"Aug","slp",-0.389308584258352,-0.000420485370810944
1971,9,"Sep","slp",0.446681328441455,0.251583755155678
1971,10,"Oct","slp",1.01432011340411,0.459629249249174
1971,11,"Nov","slp",0.291296966675334,0.385737309764458
1971,12,"Dec","slp",2.09389861248133,1.67683909304904
1972,1,"Jan","slp",2.2051450089484,1.09610876645694
1972,2,"Feb","slp",1.05733868535996,-1.30267985098329
1972,3,"Mar","slp",-0.110947720482634,-2.39154383143265
1972,4,"Apr","slp",1.4905595245917,0.986695746657892
1972,5,"May","slp",-0.151413915306565,-0.168791329541886
1972,6,"Jun","slp",-0.0672111275897323,0.664850640472171
1972,7,"Jul","slp",0.166655998173937,-0.860715114929709
1972,8,"Aug","slp",-0.588781687104354,-0.342820476353753
1972,9,"Sep","slp",0.375851369220979,-1.06231110441945
1972,10,"Oct","slp",0.817779740802222,-0.533468698545823
1972,11,"Nov","slp",-0.760061802567327,0.315348665651765
1972,12,"Dec","slp",1.07041826244462,-1.04682790653951
1973,1,"Jan","slp",0.523382872424689,0.945039647690753
1973,2,"Feb","slp",-0.131978541107453,0.405224560844463
1973,3,"Mar","slp",-0.661657362981466,1.23628423112318
1973,4,"Apr","slp",0.487433098523993,-0.298683632890366
1973,5,"May","slp",-0.558433273664763,0.735855998903882
1973,6,"Jun","slp",-0.143902498919076,-0.0805539477673276
1973,7,"Jul","slp",-0.0510126971250352,-0.0801883756847118
1973,8,"Aug","slp",0.429130860245472,0.769481813060357
1973,9,"Sep","slp",-0.124983746820442,0.510890877075212
1973,10,"Oct","slp",0.747622011953841,0.549659917320293
1973,11,"Nov","slp",1.57353004522843,-0.56137090024984
1973,12,"Dec","slp",-1.19932764886133,0.166099024780687
1974,1,"Jan","slp",0.577560141142861,-2.75529681349239
1974,2,"Feb","slp",0.699645037856339,0.905958393727385
1974,3,"Mar","slp",-1.48140658460099,-1.68460141878719
1974,4,"Apr","slp",-0.565430382441696,0.518668867670171
1974,5,"May","slp",-0.197774418741732,0.768356679132599
1974,6,"Jun","slp",0.237563743518771,-0.188379646555588
1974,7,"Jul","slp",-0.0501812234678423,-0.316084284410351
1974,8,"Aug","slp",-0.365798475705387,-1.15861776016938
1974,9,"Sep","slp",0.173385677494679,-1.09956782270962
1974,10,"Oct","slp",-0.738996736892463,-0.38893545634676
1974,11,"Nov","slp",-0.483604803674921,0.891633841094688
1974,12,"Dec","slp",-0.97667214241747,0.727055711744643
1975,1,"Jan","slp",1.46987536873166,0.991959764860812
1975,2,"Feb","slp",-0.178685861380709,-0.0141266344069632
1975,3,"Mar","slp",0.720072499864032,0.512728874575166
1975,4,"Apr","slp",1.21226179687683,0.72894849813505
1975,5,"May","slp",-0.40177700374766,-0.200942885801276
1975,6,"Jun","slp",0.326744056580925,0.327091542098019
1975,7,"Jul","slp",-0.707763287517493,-0.107812161507581
1975,8,"Aug","slp",0.276693561075489,0.306923614049758
1975,9,"Sep","slp",0.714405627864487,-0.17154402664972
1975,10,"Oct","slp",0.230343952915324,0.479217323508674
1975,11,"Nov","slp",0.189540918173209,0.282553723057404
1975,12,"Dec","slp",-0.288184331355669,-0.519097800955328
1976,1,"Jan","slp",-0.863320694556581,0.509088721854364
1976,2,"Feb","slp",1.36162019636787,1.20183332326857
1976,3,"Mar","slp",0.476986223827459,0.886667087353935
1976,4,"Apr","slp",-0.267092653567654,0.606719188162323
1976,5,"May","slp",-0.379491506637181,0.856048606137358
1976,6,"Jun","slp",0.248663017486802,-0.732255904649433
1976,7,"Jul","slp",-1.07441261622392,0.378505048922941
1976,8,"Aug","slp",-0.431347181097758,0.306228071951238
1976,9,"Sep","slp",-0.961670366366334,0.168154780827658
1976,10,"Oct","slp",-0.268712701502051,-0.560016207946742
1976,11,"Nov","slp",-1.2956019890194,-0.806175319721401
1976,12,"Dec","slp",-1.07491613245535,-0.930832940886101
1977,1,"Jan","slp",-2.20368096641491,-1.71267819635747
1977,2,"Feb","slp",-2.65287020390212,0.543777273345574
1977,3,"Mar","slp",1.34960192281861,2.17644133034591
1977,4,"Apr","slp",0.488558286338576,0.40064671905826
1977,5,"May","slp",0.113753530969342,0.669448554114359
1977,6,"Jun","slp",-0.043205318410299,-0.392345876660582
1977,7,"Jul","slp",-0.00997141299359101,0.00325654883754607
1977,8,"Aug","slp",-0.888747432495079,-0.860691098946774
1977,9,"Sep","slp",1.00782376267487,0.282702237538539
1977,10,"Oct","slp",-0.617056595077208,0.660597824039606
1977,11,"Nov","slp",0.103458961763403,-0.602623939658011
1977,12,"Dec","slp",0.920435937723985,-1.62081006799514
1978,1,"Jan","slp",-1.85817701413985,-1.20537646515467
1978,2,"Feb","slp",-2.63215622292418,-1.20071065282972
1978,3,"Mar","slp",-1.13555273952019,-0.939090292411957
1978,4,"Apr","slp",-0.284408235045099,0.0032009928686603
1978,5,"May","slp",0.547685624477823,0.667338180949945
1978,6,"Jun","slp",0.883581073365275,1.08534992113579
1978,7,"Jul","slp",-0.187762123467639,0.0987888416748746
1978,8,"Aug","slp",-0.447270073637867,0.354989152440129
1978,9,"Sep","slp",-0.224787988060776,0.423111156435231
1978,10,"Oct","slp",-0.192522631072234,0.143778168476512
1978,11,"Nov","slp",0.382114774280179,-0.651769324628866
1978,12,"Dec","slp",1.49139297290689,2.18188533520536
1979,1,"Jan","slp",-0.0370475799669719,0.984479829934726
1979,2,"Feb","slp",1.68837014638878,0.681147323782551
1979,3,"Mar","slp",-1.1408209943173,-0.866413098222277
1979,4,"Apr","slp",0.33622590643392,-0.0256391056892243
1979,5,"May","slp",-0.785032991275984,-0.295857595198447
1979,6,"Jun","slp",1.12719158899933,1.32234849378848
1979,7,"Jul","slp",-0.115157616160692,-0.257108948008703
1979,8,"Aug","slp",-0.553269089123501,-0.346265689545514
1979,9,"Sep","slp",-0.865289351865624,0.136860570079587
1979,10,"Oct","slp",-1.44248967216783,0.0300054559741354
1979,11,"Nov","slp",0.302949778313255,0.520994435651064
1979,12,"Dec","slp",0.306711042327577,-0.207252657173754
1980,1,"Jan","slp",0.608074196232938,-2.54373298264144
1980,2,"Feb","slp",-2.52342908013967,-2.27079688053594
1980,3,"Mar","slp",-0.648390360119329,1.39257547010697
1980,4,"Apr","slp",-1.97729640049025,0.969668520962939
1980,5,"May","slp",-0.627643875698402,1.02324942250308
1980,6,"Jun","slp",1.12770009049926,0.950476345284502
1980,7,"Jul","slp",-0.104448851241918,0.189744138897341
1980,8,"Aug","slp",0.760743918818886,-0.132396207881807
1980,9,"Sep","slp",0.0133467729481783,-0.285883927598518
1980,10,"Oct","slp",-0.925850375232849,0.1540406363049
1980,11,"Nov","slp",-1.21032278766494,-0.0107062414605546
1980,12,"Dec","slp",-0.436959886846806,-4.82512319922018
1981,1,"Jan","slp",-3.063067420353,-1.19789097330141
1981,2,"Feb","slp",-0.792163259063871,-1.11013507680532
1981,3,"Mar","slp",-2.08578701225265,0.726256372955156
1981,4,"Apr","slp",0.058714739717507,0.339492986868664
1981,5,"May","slp",-0.726761632060456,-0.697514009612845
1981,6,"Jun","slp",-0.178269826742631,-0.141340672312294
1981,7,"Jul","slp",0.556437195500752,0.454042099595656
1981,8,"Aug","slp",-0.41461260210236,-0.289297636509918
1981,9,"Sep","slp",0.0556694601517163,-0.120599213120225
1981,10,"Oct","slp",0.661751936671449,-0.609552348742483
1981,11,"Nov","slp",-1.05026870875795,0.490559922107377
1981,12,"Dec","slp",0.102173927010602,0.0386022251158826
1982,1,"Jan","slp",1.09816478299755,-0.0212737576981572
1982,2,"Feb","slp",1.88148274890184,-2.120647547561
1982,3,"Mar","slp",0.884714687244771,1.33556712612811
1982,4,"Apr","slp",1.06580118718596,0.364084233412282
1982,5,"May","slp",0.491491022195733,0.116097232813491
1982,6,"Jun","slp",-0.845636432717548,0.0574617611391461
1982,7,"Jul","slp",-0.207546450516312,-0.276061268080744
1982,8,"Aug","slp",0.486071254925377,-0.0711309274892754
1982,9,"Sep","slp",0.152674945544841,0.260470738755289
1982,10,"Oct","slp",1.17351167114942,-0.706064661729981
1982,11,"Nov","slp",-0.724856563913613,-0.517605013713383
1982,12,"Dec","slp",-1.18568506302822,0.878110079665696
1983,1,"Jan","slp",-1.99700595550416,-0.714472936886439
1983,2,"Feb","slp",-3.75193195240695,-1.29498470131699
1983,3,"Mar","slp",-3.13343079309819,-1.9116048853013
1983,4,"Apr","slp",0.301917386090993,1.09590796096225
1983,5,"May","slp",-0.165387706188436,0.353134769194938
1983,6,"Jun","slp",-0.813487165845485,-0.286660476260757
1983,7,"Jul","slp",-0.303326160634977,0.625297425128384
1983,8,"Aug","slp",0.512832581924729,0.8228300480966
1983,9,"Sep","slp",0.938978429832304,-0.456190416163094
1983,10,"Oct","slp",0.388102084690295,0.425426173703405
1983,11,"Nov","slp",-2.30253804478318,-0.427715630452261
1983,12,"Dec","slp",0.200228712809029,-2.26460494859401
1984,1,"Jan","slp",0.392936948508006,-0.699426137082656
1984,2,"Feb","slp",-0.441915096183201,0.0729054929899481
1984,3,"Mar","slp",-2.33169435343964,-1.4523196860658
1984,4,"Apr","slp",-0.101361801755042,-0.0255796345910276
1984,5,"May","slp",0.163273646861721,-0.200153978581448
1984,6,"Jun","slp",-0.282148198472472,0.655512118175678
1984,7,"Jul","slp",0.601439241221244,-0.481663120246794
1984,8,"Aug","slp",0.0610090058914896,-0.457049600443829
1984,9,"Sep","slp",-0.542148386453386,-0.425963537169153
1984,10,"Oct","slp",-0.197985844990629,-1.18219089707557
1984,11,"Nov","slp",-1.30478054581939,1.11283458717672
1984,12,"Dec","slp",1.20037712388741,0.333853673965228
1985,1,"Jan","slp",-1.94354637508229,-0.742522456488768
1985,2,"Feb","slp",2.27522492789802,-0.139876207767529
1985,3,"Mar","slp",1.24992439320127,2.26766112215673
1985,4,"Apr","slp",0.751001215187759,0.255709397022817
1985,5,"May","slp",0.12539244718891,0.739041261247531
1985,6,"Jun","slp",0.246536222610337,-0.475512378423549
1985,7,"Jul","slp",0.00454219572183527,-0.678108693882207
1985,8,"Aug","slp",0.732003137682439,0.0615461815721428
1985,9,"Sep","slp",0.790876834993604,-0.262458255962725
1985,10,"Oct","slp",1.03665895527305,0.64981959141046
1985,11,"Nov","slp",1.03284671052127,-1.99447837345094
1985,12,"Dec","slp",-1.78801824414997,-0.969530759348081
1986,1,"Jan","slp",-1.84913279982532,0.00707901995449728
1986,2,"Feb","slp",-2.10533895922559,-3.09321549748518
1986,3,"Mar","slp",-1.48467634061304,-1.27179989483372
1986,4,"Apr","slp",1.15215626711731,0.313806950209562
1986,5,"May","slp",-0.0286668998817394,-0.0256865703077289
1986,6,"Jun","slp",-0.688053172302588,0.203287471214859
1986,7,"Jul","slp",0.215333753495362,-0.368227001807615
1986,8,"Aug","slp",-0.217551310428909,-0.673402052823065
1986,9,"Sep","slp",0.581532215946273,-0.710759103034666
1986,10,"Oct","slp",-0.576867774528867,-1.06141059326573
1986,11,"Nov","slp",0.238728868172357,0.179509235351721
1986,12,"Dec","slp",-2.57818236461574,0.30217889766615
1987,1,"Jan","slp",-1.46015400872954,1.99151574681293
1987,2,"Feb","slp",-0.880645835371617,-0.238738029349361
1987,3,"Mar","slp",-1.19687345788847,-0.774763588333322
1987,4,"Apr","slp",-1.05702958412376,0.735474062719035
1987,5,"May","slp",0.289545801027252,0.976115845514863
1987,6,"Jun","slp",-0.740842206460593,0.910217832714749
1987,7,"Jul","slp",-0.325061786471661,-0.763853650689213
1987,8,"Aug","slp",0.490683572089956,-1.34811041738115
1987,9,"Sep","slp",0.299765365089061,0.444911583682968
1987,10,"Oct","slp",0.0872409350561667,0.356335947146056
1987,11,"Nov","slp",-0.674267488431973,-0.025419814993401
1987,12,"Dec","slp",0.36526006288157,1.90472077539447
1988,1,"Jan","slp",-0.489757214559496,1.52196583416546
1988,2,"Feb","slp",-1.31627762279575,-0.678644181526422
1988,3,"Mar","slp",-0.179364493680294,-0.046488990460433
1988,4,"Apr","slp",-0.688112053246671,0.600887043902985
1988,5,"May","slp",-0.733336227017957,0.590179748792909
1988,6,"Jun","slp",-0.424742580834028,-0.0487297893537185
1988,7,"Jul","slp",-0.0660652414603164,-0.274335163461275
1988,8,"Aug","slp",-0.304367714734664,0.42280099963492
1988,9,"Sep","slp",0.635480198338475,0.163495754960993
1988,10,"Oct","slp",-0.259891603038798,-1.10046300137363
1988,11,"Nov","slp",-0.666726886730105,0.713089643593885
1988,12,"Dec","slp",0.211453539214227,0.139125488004507
1989,1,"Jan","slp",1.73287674872581,2.58852063146576
1989,2,"Feb","slp",2.96576862239294,-0.779339398271513
1989,3,"Mar","slp",0.692050371669779,-1.82561181385051
1989,4,"Apr","slp",0.443707765435457,-0.512085855364096
1989,5,"May","slp",0.900625468256614,0.097849756277056
1989,6,"Jun","slp",0.274068287111465,-0.296781024078524
1989,7,"Jul","slp",0.405554939033067,0.620741200662702
1989,8,"Aug","slp",-0.157553335065214,0.13231942013113
1989,9,"Sep","slp",-0.255157135341637,-0.00831101743947417
1989,10,"Oct","slp",0.780283331420138,0.440452284362221
1989,11,"Nov","slp",0.856286404496151,0.173415679668993
1989,12,"Dec","slp",-0.621393803141836,-2.01932987564769
1990,1,"Jan","slp",-0.0215818044511583,3.02854577737215
1990,2,"Feb","slp",2.67484047789829,2.12459374178333
1990,3,"Mar","slp",-0.503053626354592,-0.323875693860346
1990,4,"Apr","slp",0.39293267747606,-2.03727507256572
1990,5,"May","slp",-0.351969825170343,0.613319605202317
1990,6,"Jun","slp",0.120186313301189,0.402283004373545
1990,7,"Jul","slp",-0.288050024835514,-0.155829266288411
1990,8,"Aug","slp",-0.287828969726451,0.259869711589311
1990,9,"Sep","slp",-0.231570986080539,-0.0353381974904211
1990,10,"Oct","slp",0.616305910864752,0.649533151667783
1990,11,"Nov","slp",2.92854315502829,0.049422680909861
1990,12,"Dec","slp",1.4224764912825,0.199038624234765
1991,1,"Jan","slp",0.643220987640093,-1.82294290664404
1991,2,"Feb","slp",-1.6168342863855,-1.99159490583636
1991,3,"Mar","slp",0.745665518122042,2.40494604734299
1991,4,"Apr","slp",-0.619317556860717,0.52283690737394
1991,5,"May","slp",-0.379284467823989,0.731632555668663
1991,6,"Jun","slp",0.338846177296844,-0.178537755431461
1991,7,"Jul","slp",-0.0737532834592916,-0.617768360186892
1991,8,"Aug","slp",-0.46113779419648,-0.19096187604257
1991,9,"Sep","slp",-0.899708872357237,-0.273736592190107
1991,10,"Oct","slp",0.63153692899419,-1.49077578980602
1991,11,"Nov","slp",-1.04818876263149,-0.411896527193266
1991,12,"Dec","slp",-0.631257207439075,2.07726283509424
1992,1,"Jan","slp",-2.71470797941277,0.56783155063264
1992,2,"Feb","slp",-0.0161403681041289,-1.09252680224166
1992,3,"Mar","slp",-0.803852738354944,-0.667976221345743
1992,4,"Apr","slp",-0.00394780565317715,-2.03634842629288
1992,5,"May","slp",0.588427365686801,-1.91749517186156
1992,6,"Jun","slp",-0.602191564600518,-0.0939147705110972
1992,7,"Jul","slp",-0.0158461999041556,-0.375687436355674
1992,8,"Aug","slp",-0.226745211084357,0.140312313258173
1992,9,"Sep","slp",0.347347831551479,-0.858042705305721
1992,10,"Oct","slp",-0.283417521650438,-0.418263615914121
1992,11,"Nov","slp",-0.401523297606092,0.435420533561463
1992,12,"Dec","slp",1.76795314740919,0.65121670946492
1993,1,"Jan","slp",1.31553037905273,-0.0122958342644771
1993,2,"Feb","slp",-1.62238791416904,-1.16158202760667
1993,3,"Mar","slp",-1.51179861796024,-0.601090595815836
1993,4,"Apr","slp",-2.02455311553849,-0.92838640756032
1993,5,"May","slp",-0.954874418475721,-0.742934389856251
1993,6,"Jun","slp",-0.15949296283556,-0.481305095694596
1993,7,"Jul","slp",0.139309023883445,-0.692106471368157
1993,8,"Aug","slp",0.224967227397855,-0.547197037461973
1993,9,"Sep","slp",0.730649217639609,-0.814259768857066
1993,10,"Oct","slp",0.0495543525617911,-0.166787015886154
1993,11,"Nov","slp",1.05154473972697,0.795841848695266
1993,12,"Dec","slp",-0.940027565959966,0.836472220891404
1994,1,"Jan","slp",0.577682924974314,-0.118623837491166
1994,2,"Feb","slp",0.905668391532935,-0.431051734941661
1994,3,"Mar","slp",-0.108184827459088,0.19696882313622
1994,4,"Apr","slp",-0.410981946014431,-0.680722206661546
1994,5,"May","slp",-0.694655826389321,0.594957761585899
1994,6,"Jun","slp",0.521243289053242,0.279804997485898
1994,7,"Jul","slp",-0.0787827463747507,0.332189503351075
1994,8,"Aug","slp",0.77653713150381,-0.0809934459482091
1994,9,"Sep","slp",-0.12193027921932,-0.230767843093606
1994,10,"Oct","slp",0.0327051377585879,0.288648811795262
1994,11,"Nov","slp",2.04347962486565,1.71873388887288
1994,12,"Dec","slp",-1.20516247560779,1.00243751703176
1995,1,"Jan","slp",-1.52084781684723,-1.55347962919833
1995,2,"Feb","slp",-0.0314049241173876,-2.88353789012857
1995,3,"Mar","slp",0.343989086907911,-2.63811483515901
1995,4,"Apr","slp",-0.466577027044805,0.265558297248603
1995,5,"May","slp",-0.63752649906699,-0.0103683645852153
1995,6,"Jun","slp",-0.194421507310501,-0.8902816798673
1995,7,"Jul","slp",-0.117381214881018,-0.0792039289327198
1995,8,"Aug","slp",0.383918054831747,0.418707128574831
1995,9,"Sep","slp",-1.44014505431408,-0.159855846609517
1995,10,"Oct","slp",-0.02062381319139,0.465423634465354
1995,11,"Nov","slp",0.382881204074205,-2.07107245456479
1995,12,"Dec","slp",-2.62816422024512,-2.47706826249576
1996,1,"Jan","slp",0.909651451206971,-0.932098240922772
1996,2,"Feb","slp",0.0306629082370298,0.182903991133436
1996,3,"Mar","slp",0.149963021136796,-1.84075635302912
1996,4,"Apr","slp",-1.91391311782969,-1.10105963743836
1996,5,"May","slp",0.630963034874921,-1.00892291804067
1996,6,"Jun","slp",0.562445694031983,0.219858434619081
1996,7,"Jul","slp",0.250976914289579,0.225489960571081
1996,8,"Aug","slp",0.580353065761012,-0.0383954110799955
1996,9,"Sep","slp",0.417609935882235,-1.26303319729682
1996,10,"Oct","slp",0.563736648057586,-0.427233469234324
1996,11,"Nov","slp",0.622526576720482,-1.25096653289108
1996,12,"Dec","slp",0.659560685551385,-1.10363362786258
1997,1,"Jan","slp",-1.32120029517892,-1.71854129291792
1997,2,"Feb","slp",-1.19768443552714,-0.385737118710998
1997,3,"Mar","slp",0.565729749007003,-0.149038458599335
1997,4,"Apr","slp",-1.22171234566663,-1.30691600530042
1997,5,"May","slp",-0.423922965033082,-0.864697497130844
1997,6,"Jun","slp",-0.178455101020479,-0.0294000402512492
1997,7,"Jul","slp",-0.443099673445392,-0.0762543976652273
1997,8,"Aug","slp",0.16570946149064,-0.669868687637453
1997,9,"Sep","slp",-0.681400461225297,0.328980084218972
1997,10,"Oct","slp",0.13309557410357,-1.01779892542613
1997,11,"Nov","slp",-0.705710474801736,1.36184151758017
1997,12,"Dec","slp",-0.227105981308863,1.50723360390055
1998,1,"Jan","slp",-2.05315249330551,-1.26104764543338
1998,2,"Feb","slp",-3.27904847201824,0.661467299984522
1998,3,"Mar","slp",-1.21530710963891,-0.671824180424182
1998,4,"Apr","slp",-0.21342159717781,1.99440568550025
1998,5,"May","slp",0.0674735690047331,1.82440599507621
1998,6,"Jun","slp",0.828505295225467,0.671503725818688
1998,7,"Jul","slp",0.00212082166175134,0.371226405388723
1998,8,"Aug","slp",0.690538984746613,1.00153939466544
1998,9,"Sep","slp",0.139079732337797,0.561514246607666
1998,10,"Oct","slp",0.41794393564124,0.380367305790483
1998,11,"Nov","slp",-1.00446766820063,0.752582290788663
1998,12,"Dec","slp",1.09410813771304,0.290671903645924
1999,1,"Jan","slp",0.486233953321092,0.553842278933183
1999,2,"Feb","slp",-0.945042495757869,2.24576747143412
1999,3,"Mar","slp",-0.417053934589536,1.95166530954128
1999,4,"Apr","slp",0.878097593094549,0.440820234423152
1999,5,"May","slp",0.461228918686058,-0.199406262287324
1999,6,"Jun","slp",-0.536071043768063,0.415967006494682
1999,7,"Jul","slp",0.679405916829359,0.621220487183734
1999,8,"Aug","slp",-0.624763367981543,0.524418213358496
1999,9,"Sep","slp",0.0186028795772561,0.605444748872684
1999,10,"Oct","slp",0.524691576193955,0.1357026535044
1999,11,"Nov","slp",-0.139946985646447,1.14918416989395
1999,12,"Dec","slp",0.894593199646123,-0.829982653529677
2000,1,"Jan","slp",2.25583577934529,1.62284648733359
2000,2,"Feb","slp",-2.53643635198027,0.0460959984740907
2000,3,"Mar","slp",-2.19435290186152,0.239104719432626
2000,4,"Apr","slp",-0.0737441530012871,0.00803654242513256
2000,5,"May","slp",0.58181814529499,-0.868478920596419
2000,6,"Jun","slp",0.0330673214934697,-0.163464171923663
2000,7,"Jul","slp",0.0858731270022679,0.314079822474891
2000,8,"Aug","slp",0.904208697708387,-0.258556979754644
2000,9,"Sep","slp",0.0363345845664298,-0.817689241068637
2000,10,"Oct","slp",0.0534204503259146,0.378857653443802
2000,11,"Nov","slp",-0.877432595742813,0.3897640424992
2000,12,"Dec","slp",-1.63520419635031,-0.81459586714048
2001,1,"Jan","slp",-1.8073623970617,0.871835031973814
2001,2,"Feb","slp",0.539150283895919,1.10145425979615
2001,3,"Mar","slp",0.0146933918760821,-0.602465537979512
2001,4,"Apr","slp",0.269644076455875,0.963782803213383
2001,5,"May","slp",0.396204837056358,-0.65514849771161
2001,6,"Jun","slp",0.674425465115484,-0.491054041121474
2001,7,"Jul","slp",0.197044534355761,0.00844985532238354
2001,8,"Aug","slp",-0.0541017868158035,0.280623509172896
2001,9,"Sep","slp",-0.259895785642848,0.859530546594588
2001,10,"Oct","slp",0.445847222464912,0.488458787714272
2001,11,"Nov","slp",-1.60126311461366,-0.428096807983126
2001,12,"Dec","slp",-0.645545655584726,0.0364303691861226
2002,1,"Jan","slp",0.386301975159403,0.999601042063733
2002,2,"Feb","slp",0.476251667652358,1.00278663146157
2002,3,"Mar","slp",1.08805361060918,-0.283090215310413
2002,4,"Apr","slp",1.61913892086408,-2.02050282876372
2002,5,"May","slp",0.00826424167115733,-0.441676795434152
2002,6,"Jun","slp",-0.593698437908395,-0.41598003155114
2002,7,"Jul","slp",-0.00702593244107539,-0.541398457858092
2002,8,"Aug","slp",0.128567684263739,-1.32835840081147
2002,9,"Sep","slp",0.330561335316099,0.295145173258539
2002,10,"Oct","slp",-0.690496621344745,-1.47949777681624
2002,11,"Nov","slp",-2.4043252851155,-1.03012333699536
2002,12,"Dec","slp",-1.9129774688086,1.33170145676715
2003,1,"Jan","slp",-2.18591354940697,-1.84125266823545
2003,2,"Feb","slp",-0.107862086518508,-0.953979734084485
2003,3,"Mar","slp",-0.204496376194552,-1.31810844560501
2003,4,"Apr","slp",-0.0328506422995039,1.12467493045264
2003,5,"May","slp",0.35349665575804,0.299298756399946
2003,6,"Jun","slp",-0.367614502817737,0.0613554231641438
2003,7,"Jul","slp",0.309592825727636,-0.0611411239201143
2003,8,"Aug","slp",0.0786030814100238,0.129493567415532
2003,9,"Sep","slp",-0.263219841630256,-0.770748063163291
2003,10,"Oct","slp",-0.307518898090627,-1.107176568124
2003,11,"Nov","slp",2.5556082047483,1.5016788395529
2003,12,"Dec","slp",-1.48795030401162,1.426123215619
2004,1,"Jan","slp",-0.10763757718438,-2.05686814647127
2004,2,"Feb","slp",-2.22303619754527,-0.13369059952286
2004,3,"Mar","slp",0.651877428671855,0.763493871310476
2004,4,"Apr","slp",-1.02213852709357,-0.277728220737867
2004,5,"May","slp",0.301415251683277,-0.16748255859953
2004,6,"Jun","slp",0.367080595263837,0.0695871150280537
2004,7,"Jul","slp",-0.593539361294643,-0.653279425543708
2004,8,"Aug","slp",-0.53607669881949,-0.780840510487026
2004,9,"Sep","slp",0.635512180984831,0.720079896263113
2004,10,"Oct","slp",0.0897792919960953,0.950901511466361
2004,11,"Nov","slp",0.0838123686485659,1.09368518043761
2004,12,"Dec","slp",0.509971819813834,-0.296475160049688
2005,1,"Jan","slp",-0.443964791106301,-1.75330656595863
2005,2,"Feb","slp",-0.161502118880877,0.270051176904778
2005,3,"Mar","slp",-1.34140995515834,-0.339591835204683
2005,4,"Apr","slp",-0.330777389307936,-0.441016142358641
2005,5,"May","slp",-1.04259065293922,-1.09091299910573
2005,6,"Jun","slp",-0.12126633373301,0.184721167233539
2005,7,"Jul","slp",-0.180963391064698,0.468397091002891
2005,8,"Aug","slp",-0.105670688248958,-0.486312151050956
2005,9,"Sep","slp",0.73967963041133,1.66661227055447
2005,10,"Oct","slp",-0.0599992167202895,1.62623908557971
2005,11,"Nov","slp",1.29509601525976,-1.24474539478882
2005,12,"Dec","slp",-2.78622548102751,-1.79619954281122
2006,1,"Jan","slp",0.0991622431533981,1.42480989618991
2006,2,"Feb","slp",2.2079040065528,1.74862070996916
2006,3,"Mar","slp",0.899109072474956,1.06731980695448
2006,4,"Apr","slp",0.118301155377172,0.6548590457505
2006,5,"May","slp",0.689416260488663,-0.0557413553516843
2006,6,"Jun","slp",0.53513460756842,-0.122111235155274
2006,7,"Jul","slp",-0.339005453605631,0.10706247203509
2006,8,"Aug","slp",0.836220657550279,0.277169947323828
2006,9,"Sep","slp",0.288342467996739,0.0469590685042619
2006,10,"Oct","slp",0.875986894542045,-0.162117838319885
2006,11,"Nov","slp",1.49862833344392,-1.46701617795626
2006,12,"Dec","slp",-1.50394292110407,1.40814493019216
2007,1,"Jan","slp",0.64122385079705,1.62455540714379
2007,2,"Feb","slp",0.160279121252932,0.185756866046394
2007,3,"Mar","slp",0.762157891615036,-1.27669806875513
2007,4,"Apr","slp",-1.87501734311802,-0.323386353739979
2007,5,"May","slp",0.325613872097968,-0.781361528733467
2007,6,"Jun","slp",0.458440579890733,0.0977005397515423
2007,7,"Jul","slp",-0.734247179235135,-0.786926596506839
2007,8,"Aug","slp",0.0313448091912563,0.233145506961842
2007,9,"Sep","slp",0.0553980002371825,1.27717706803974
2007,10,"Oct","slp",0.0679813306475059,1.1497482835781
2007,11,"Nov","slp",-1.00769583941626,-0.413278402954956
2007,12,"Dec","slp",0.705238440687793,1.01524964008456
2008,1,"Jan","slp",1.00683716978387,1.84595604672472
2008,2,"Feb","slp",-0.834779111648036,-0.0466005373261842
2008,3,"Mar","slp",0.339447048294692,-0.119162368105466
2008,4,"Apr","slp",1.29255886498081,-0.189287917340117
2008,5,"May","slp",-0.274732053385271,-1.00959461896471
2008,6,"Jun","slp",0.587227017663298,0.322926517846603
2008,7,"Jul","slp",-0.372780723790204,0.401448603171684
2008,8,"Aug","slp",-0.737447855538303,-0.0428550301027769
2008,9,"Sep","slp",-0.053704561735687,-0.411647084499647
2008,10,"Oct","slp",0.797504964258706,0.598373794411969
2008,11,"Nov","slp",-0.182833651551306,-0.676201122786391
2008,12,"Dec","slp",2.37626801460882,-0.684862973029867
2009,1,"Jan","slp",0.995255466124031,-0.0908914708628117
2009,2,"Feb","slp",2.27848998729085,1.93172587129452
2009,3,"Mar","slp",1.7593941240171,0.599296391939166
2009,4,"Apr","slp",0.557502274076509,-0.519272795058269
2009,5,"May","slp",0.570689214154255,-1.04202011025172
2009,6,"Jun","slp",-0.543572157058643,-0.683009378958735
2009,7,"Jul","slp",-0.460252277020073,-0.267132192091893
2009,8,"Aug","slp",0.049165816104879,-0.101512953634968
2009,9,"Sep","slp",-0.356220766585407,0.20139420876083
2009,10,"Oct","slp",-0.503231580076241,-1.15703092522968
2009,11,"Nov","slp",-0.0574477228681209,2.26796386646293
2009,12,"Dec","slp",-0.894478503979783,-2.52296212725467
2010,1,"Jan","slp",-2.16774216908984,-1.65373221211203
2010,2,"Feb","slp",-1.28074204207158,-0.586053239813276
2010,3,"Mar","slp",-0.882286942282243,2.22476963588781
2010,4,"Apr","slp",-0.177372136618975,1.63461443106105
2010,5,"May","slp",0.499831208667924,-0.84740071246749
2010,6,"Jun","slp",0.144032590772536,1.16441996720875
2010,7,"Jul","slp",0.40557248651146,0.450972262483777
2010,8,"Aug","slp",0.659028861816333,1.12717457991833
2010,9,"Sep","slp",-0.4717489858463,0.651960360331697
2010,10,"Oct","slp",-0.583692085934357,1.11510611700672
2010,11,"Nov","slp",1.27200385954727,-0.519405457667429
2010,12,"Dec","slp",2.06255431550904,-1.06956361180997
2011,1,"Jan","slp",-0.517371460053771,-1.09590412658961
2011,2,"Feb","slp",2.98353603478905,0.467773590919319
2011,3,"Mar","slp",-0.982206611608489,0.419126249991564
2011,4,"Apr","slp",0.159601326690897,-0.0530129469440938
2011,5,"May","slp",-0.10765973664159,0.630290393970209
2011,6,"Jun","slp",-0.117298308379232,0.745494659094689
2011,7,"Jul","slp",0.105117032136029,0.956750544238013
2011,8,"Aug","slp",-0.394431613514115,0.638971296273906
2011,9,"Sep","slp",-0.723636627065836,1.31294049063449
2011,10,"Oct","slp",0.0275507543827667,1.35645281894361
2011,11,"Nov","slp",0.975432429743025,1.40601557703802
2011,12,"Dec","slp",0.636597613679243,1.11704968671077
2012,1,"Jan","slp",0.578017051403764,-0.589491301655887
2012,2,"Feb","slp",-0.739660881792786,1.19100687490704
2012,3,"Mar","slp",0.338167359451048,2.11928569341614
2012,4,"Apr","slp",0.065838237663159,-0.424924470803109
2012,5,"May","slp",0.370576580753951,0.326656235800311
2012,6,"Jun","slp",0.0561804881221226,-0.00163130429423414
2012,7,"Jul","slp",0.38246005681952,0.586726221189217
2012,8,"Aug","slp",0.381858849076843,0.308935372458449
2012,9,"Sep","slp",0.383673754693355,0.719121934064017
2012,10,"Oct","slp",0.566878259008097,-2.64476088826069
2012,11,"Nov","slp",0.648030036486939,-1.39655133794098
2012,12,"Dec","slp",0.55568926687955,0.526619759081395
2013,1,"Jan","slp",0.258344976187178,0.683871414558768
2013,2,"Feb","slp",0.315000651265963,2.3272162110227
2013,3,"Mar","slp",1.10801827400449,-0.371534613136622
2013,4,"Apr","slp",0.863935604233865,-2.82635313399127
2013,5,"May","slp",0.638614666011455,-0.832724219258466
2013,6,"Jun","slp",0.286443151950778,0.0724806495362614
2013,7,"Jul","slp",0.719395828867597,-0.579757407049194
2013,8,"Aug","slp",-0.587445299938096,-0.114589186139611
2013,9,"Sep","slp",-0.230632764189417,1.16677341243403
2013,10,"Oct","slp",0.242113521154571,0.098652071219549
2013,11,"Nov","slp",2.06096390848688,-0.984447797416101
2013,12,"Dec","slp",1.43416209996853,-1.62134267179185
2014,1,"Jan","slp",-0.850140455710488,0.651316711938632
2014,2,"Feb","slp",0.92250000810323,-0.885412029816669
2014,3,"Mar","slp",-0.675229984559063,-0.629577303712049
2014,4,"Apr","slp",-1.33441264146161,0.360927177792958
2014,5,"May","slp",1.24217299475494,-1.03402143827767
2014,6,"Jun","slp",0.525958893591308,0.0242358707107652
2014,7,"Jul","slp",0.0599925888552061,-0.838974503325544
2014,8,"Aug","slp",-0.475783192008425,-0.187968599988874
2014,9,"Sep","slp",-0.474877700584881,-0.597811418473912
2014,10,"Oct","slp",-0.422137490648802,-0.361652718653864
2014,11,"Nov","slp",-0.737973320413105,-0.565774172204631
2014,12,"Dec","slp",-1.1266322987375,0.243046835495645
2015,1,"Jan","slp",-0.344233264405427,-1.67778414876379
2015,2,"Feb","slp",0.249733300990998,-3.01538204363015
2015,3,"Mar","slp",0.331977523836192,-0.213740699770127
2015,4,"Apr","slp",0.151008829889148,1.38190310010191
2015,5,"May","slp",0.00580831715460821,-0.0115759349792659
2015,6,"Jun","slp",0.269036344909347,-0.688516083204235
2015,7,"Jul","slp",-0.601052884663041,-0.195390080185568
2015,8,"Aug","slp",0.562000696188225,-0.918754612238698
2015,9,"Sep","slp",0.837529364564888,-0.238139344502358
2015,10,"Oct","slp",-0.922308470092348,-0.719774285030718
2015,11,"Nov","slp",1.49296000618543,1.65813520670056
2015,12,"Dec","slp",-1.17285144472033,2.12717864507376
2016,1,"Jan","slp",-2.82863514932748,0.442447836844445
2016,2,"Feb","slp",-2.11491637947287,0.831474261080157
2016,3,"Mar","slp",-1.46483653840174,-0.69819201949791
2016,4,"Apr","slp",-1.75434610443613,-0.265401807675317
2016,5,"May","slp",0.679495692894627,0.18334732526029
2016,6,"Jun","slp",0.70056069282538,0.586786469345003
2016,7,"Jul","slp",0.963572647381576,0.226448039375338
2016,8,"Aug","slp",0.770955629685967,0.017412746513191
2016,9,"Sep","slp",0.513847889107437,0.585497810048219
2016,10,"Oct","slp",-1.12933085065411,0.696076388361946
2016,11,"Nov","slp",-1.12120483220874,0.82989161736094
2016,12,"Dec","slp",2.13368078952256,1.61048018488832
2017,1,"Jan","slp",0.961674133835274,0.037258215740523
2017,2,"Feb","slp",0.409891156653731,-0.975733929219891
2017,3,"Mar","slp",0.0609780133116924,-2.14948296844952
2017,4,"Apr","slp",-1.29213376518622,-0.645919438295899
2017,5,"May","slp",-0.203940099071095,0.438715443466471
2017,6,"Jun","slp",-0.627523073987024,0.109054016706778
2017,7,"Jul","slp",0.250852999409973,0.34675194022889
2017,8,"Aug","slp",-0.40752184722864,-0.22470016086803
2017,9,"Sep","slp",-0.0141453574512354,-0.299867825743962
2017,10,"Oct","slp",1.00909010265719,0.803785801457816
2017,11,"Nov","slp",1.9438131196149,-0.133448896819747
2017,12,"Dec","slp",0.657339823468571,-0.391144432679337
2018,1,"Jan","slp",0.19563464028273,0.552588948815067
2018,2,"Feb","slp",2.60198093117601,0.641008328206977
2018,3,"Mar","slp",1.9999718762851,0.630222882154601
2018,4,"Apr","slp",-0.768851124055249,0.558078467459172
2018,5,"May","slp",-0.161712519516969,0.666746677234023
2018,6,"Jun","slp",-0.324221148463177,-0.00306890687396284
2018,7,"Jul","slp",0.842570951532806,0.22833066579247
2018,8,"Aug","slp",0.312674066590156,0.16766337074116
2018,9,"Sep","slp",1.20259615563779,-1.18551689430616
2018,10,"Oct","slp",-0.703126574456721,-0.495014121236997
2018,11,"Nov","slp",-0.123732670575009,-0.484205083102649
2018,12,"Dec","slp",-0.46244105745118,0.897245909384246
2019,1,"Jan","slp",-0.768266333131302,0.299990313110271
2019,2,"Feb","slp",2.42606654018332,1.87642447045815
2019,3,"Mar","slp",-0.48289271094146,-0.0171727602852637
2019,4,"Apr","slp",-1.05196293792323,-0.839355668722179
2019,5,"May","slp",-0.214352160925065,-0.720501519003751
2019,6,"Jun","slp",0.633758059573924,-0.864489145966368
2019,7,"Jul","slp",-0.27115776722578,-0.566925090544564
2019,8,"Aug","slp",0.0787181167374876,-1.57869868816246
2019,9,"Sep","slp",0.104221313854492,0.666695690684221
2019,10,"Oct","slp",0.830393303995464,-0.325776522451174
2019,11,"Nov","slp",-0.252309511407649,-0.800874693846283
2019,12,"Dec","slp",-0.40342806425631,1.61662472371365
2020,1,"Jan","slp",1.23810457688581,1.48105594515889
2020,2,"Feb","slp",0.927794232177967,2.13810974497768
2020,3,"Mar","slp",2.94277156830327,0.931081718723294
2020,4,"Apr","slp",0.0812223251625932,-1.15062080244629
2020,5,"May","slp",-0.775496859601196,-0.124316821704361
2020,6,"Jun","slp",0.0975791456592993,0.229381577298572
2020,7,"Jul","slp",-0.0675394675924104,0.0994673828810615
2020,8,"Aug","slp",-0.524587112007527,0.538423724749953
2020,9,"Sep","slp",0.161204374989923,-0.381870064607783
2020,10,"Oct","slp",1.12942229723978,-0.702733576534186
2020,11,"Nov","slp",0.578993862733076,1.75363994090872
2020,12,"Dec","slp",-1.61374088786609,0.842940488686571
2021,1,"Jan","slp",-0.354702945888528,2.71813631699882
2021,2,"Feb","slp",0.933288174800005,1.00572797187649
2021,3,"Mar","slp",2.36094740586051,2.64774674018731
2021,4,"Apr","slp",1.28239047150779,-0.774345134082124
2021,5,"May","slp",-0.0636380723901181,-0.0497462163775595
