LAT,LONG,YEAR,JAN,FEB,MAR,APR,MAY,JUN,JUL,AUG,SEP,OCT,NOV,DEC
21N,107W,1946,14,-10,-38,-81,-26,-10,-5,-5,12,5,6,-31
21N,107W,1947,-1,-5,-64,-47,-76,-22,-2,-5,-3,7,-5,-14
21N,107W,1948,-24,-21,32,-50,-26,6,-3,-3,4,-9,-15,-15
21N,107W,1949,-11,-32,-60,-54,-64,-30,-3,-6,-20,6,-32,-2
21N,107W,1950,-7,-26,-63,-72,-11,-28,-21,0,15,-38,-15,-26
21N,107W,1951,-2,1,-44,47,14,13,-3,-24,3,1,-6,1
21N,107W,1952,-18,-30,-3,-62,-61,-39,-18,-5,-17,-26,4,23
21N,107W,1953,-9,-31,-39,-23,21,-22,-3,-9,-19,-4,-5,20
21N,107W,1954,4,-22,20,-66,-28,-26,-12,-4,-47,5,1,0
21N,107W,1955,31,9,5,136,118,29,-4,21,14,12,15,-2
21N,107W,1956,-13,82,-14,86,-1,-14,5,11,-4,6,-7,-2
21N,107W,1957,-12,-23,39,60,129,67,4,-1,13,8,45,-17
21N,107W,1958,-18,6,106,122,-38,10,-1,20,-13,4,-5,-9
21N,107W,1959,9,5,24,18,148,39,35,30,29,20,1,-1
21N,107W,1960,23,138,64,-45,-16,-32,-4,1,-33,4,-6,3
21N,107W,1961,-15,-21,18,-61,-39,-20,-7,-7,4,-8,5,6
21N,107W,1962,0,-14,-4,-90,-9,-2,1,-5,-11,8,-4,9
21N,107W,1963,13,-21,-21,22,-46,6,-2,3,11,-12,10,1
21N,107W,1964,41,54,88,53,-7,23,0,6,21,6,30,6
21N,107W,1965,0,-14,-25,-53,-16,11,7,-5,17,3,1,-6
21N,107W,1966,-11,-15,-79,-87,-71,-4,28,0,17,6,-8,15
21N,107W,1967,13,-18,-44,117,3,8,8,-15,24,-1,-9,2
21N,107W,1968,-22,-21,-52,91,27,29,-2,-3,14,5,20,7
21N,107W,1969,20,64,11,10,-1,133,5,-9,-20,14,-7,17
21N,107W,1970,41,-15,73,112,5,19,-2,-3,10,25,-29,0
21N,107W,1971,24,3,-45,-14,29,27,5,-6,10,15,16,44
21N,107W,1972,68,47,31,17,-13,58,1,-6,28,6,30,18
21N,107W,1973,21,13,66,16,21,44,13,5,42,13,11,25
21N,107W,1974,13,21,-16,-47,38,-17,1,-5,19,4,-3,29
21N,107W,1975,1,8,-56,-25,13,-11,-1,-6,9,11,20,18
21N,107W,1976,3,-6,25,25,32,-3,27,-1,16,21,10,27
21N,107W,1977,65,53,133,92,173,95,67,42,94,52,45,50
21N,107W,1978,95,137,112,259,305,181,132,134,128,44,131,125
21N,107W,1979,135,180,268,303,446,325,209,141,105,119,34,10
21N,107W,1980,11,20,115,123,243,165,65,79,119,36,24,-4
21N,107W,1981,-14,19,147,106,305,384,53,27,57,38,37,33
21N,107W,1982,81,171,247,307,371,416,69,66,37,82,1,1
21N,107W,1983,-5,74,195,262,312,309,27,27,18,39,32,34
21N,107W,1984,16,45,106,256,139,102,5,24,15,102,64,25
21N,107W,1985,24,85,202,122,285,166,25,53,31,14,50,26
21N,107W,1986,-11,98,17,144,309,112,18,41,71,11,32,28
21N,107W,1987,25,38,71,115,204,154,23,20,61,8,20,34
21N,107W,1988,6,60,52,161,237,116,25,9,38,27,45,20
21N,107W,1989,83,28,84,128,290,283,67,24,21,35,29,8
21N,107W,1990,65,98,138,197,289,132,28,32,26,5,0,4
21N,107W,1991,25,19,98,102,168,53,15,19,21,-6,-9,24
21N,107W,1992,-13,5,168,62,117,152,17,23,-9,31,31,34
21N,107W,1993,45,85,38,107,180,163,61,-5,17,67,13,21
21N,107W,1994,19,82,101,102,273,80,62,23,41,38,58,93
21N,107W,1995,39,26,62,133,269,165,24,12,20,34,-3,8
21N,107W,1996,-4,50,73,49,174,139,57,-2,17,11,-7,23
21N,107W,1997,12,76,-5,47,8,105,13,-4,-32,21,-10,19
21N,107W,1998,23,111,188,326,229,104,1,-7,15,14,58,43
21N,107W,1999,-9,26,42,181,147,112,43,19,41,18,-9,0
21N,107W,2000,3,22,79,70,88,-8,60,13,46,70,106,13
21N,107W,2001,149,123,126,92,115,123,41,26,-1,33,17,112
21N,107W,2002,69,52,100,150,139,203,18,47,17,77,-5,91
21N,107W,2003,-5,191,107,182,120,240,21,7,14,-230,-463,-481
21N,107W,2004,-401,-262,-297,-370,-429,-65,-75,-117,-374,18,4,-11
21N,107W,2005,-19,-26,-39,-65,-63,-26,-4,-12,-25,14,-5,5
21N,107W,2006,0,-26,-39,-34,-18,-26,-16,-9,-20,2,-26,-9
21N,107W,2007,-19,-16,-95,-80,-78,-38,-13,-29,-50,-11,-19,-5
21N,107W,2008,-14,-12,-75,-89,-33,-39,-51,-27,-52,-42,-23,-20
21N,107W,2009,-19,-43,-96,-86,-86,-37,-9,-21,-20,14,-6,15
21N,107W,2010,-15,-8,1,131,149,33,1,-23,12,43,35,56
21N,107W,2011,78,124,25,16,23,-25,-12,-8,6,17,18,80
21N,107W,2012,9,5,6,22,-40,-34,-12,-29,-9,16,-3,41
21N,107W,2013,26,107,-3,88,50,-10,-1,-6,16,23,4,49
21N,107W,2014,27,86,16,19,-29,-38,-2,-5,-14,37,-6,36
21N,107W,2015,24,-16,-56,2,15,-32,-5,0,13,22,9,50
21N,107W,2016,72,10,-14,96,82,-4,-2,0,18,23,-2,42
21N,107W,2017,76,53,15,48,183,74,2,-5,15,20,25,31
21N,107W,2018,35,68,106,43,36,-22,13,-4,15,42,40,40
21N,107W,2019,70,132,102,75,186,46,7,4,19,41,13,62
21N,107W,2020,55,67,77,85,20,7,1,-17,17,21,12,65
21N,107W,2021,90,103,139,29,10,-24,2,,,,,
999,9,,,,,,,,,,,,,
24N,113W,1946,4,-20,20,17,110,37,14,12,1,-52,-25,-29
24N,113W,1947,-15,-21,8,-28,-91,-76,82,23,-34,13,-12,3
24N,113W,1948,-40,-38,27,-19,-17,-51,-6,-13,-38,-12,-6,-12
24N,113W,1949,-32,40,16,5,-21,-44,-20,-13,-47,-13,-25,-11
24N,113W,1950,-18,21,7,-16,14,10,-31,46,29,-52,10,-5
24N,113W,1951,40,73,-1,25,52,51,-12,-25,33,6,41,-2
24N,113W,1952,21,-5,-14,-30,-46,-32,-18,-18,-39,-33,-22,-7
24N,113W,1953,-16,-27,11,20,6,35,-21,2,36,46,27,55
24N,113W,1954,10,-34,-53,49,-41,-45,-34,-18,-36,-17,-25,9
24N,113W,1955,2,11,6,93,55,80,69,33,31,116,29,26
24N,113W,1956,19,33,70,29,82,34,29,62,8,37,-1,22
24N,113W,1957,0,27,29,40,46,31,47,-1,129,34,76,69
24N,113W,1958,54,82,74,50,99,99,28,27,13,17,29,17
24N,113W,1959,49,-12,29,14,13,68,35,18,54,78,20,-11
24N,113W,1960,58,68,62,-42,12,-64,-40,-12,-47,-26,-20,4
24N,113W,1961,-22,3,16,-38,-23,-64,-23,-20,-46,-22,-14,-6
24N,113W,1962,-19,-31,-35,-33,-25,-19,12,-17,-21,19,18,-2
24N,113W,1963,-20,-35,-16,15,-6,10,1,25,-17,-7,30,-6
24N,113W,1964,1,-10,-28,5,15,21,-14,-2,-17,-49,-32,-30
24N,113W,1965,-44,-65,-83,-77,-59,-41,-4,-36,-36,-60,-58,-39
24N,113W,1966,-32,-56,-82,-108,-124,-93,-29,-43,-48,-53,-50,-30
24N,113W,1967,-16,-37,-40,8,-38,5,29,-4,60,-14,-36,-34
24N,113W,1968,-45,-64,-64,-50,-22,-65,-13,4,17,-6,14,4
24N,113W,1969,-34,-8,10,2,-36,-54,-6,-17,-11,-61,-53,-9
24N,113W,1970,-8,-61,-32,-7,-17,-56,-15,-16,-38,-24,-29,30
24N,113W,1971,36,18,40,28,9,1,-2,-27,-14,14,47,56
24N,113W,1972,34,3,68,79,36,27,5,-33,35,-44,6,6
24N,113W,1973,17,-40,62,25,-1,-22,7,38,73,16,52,33
24N,113W,1974,1,4,7,21,4,-47,-24,5,4,-14,-10,18
24N,113W,1975,-6,11,40,68,-13,-36,-11,1,1,28,3,-4
24N,113W,1976,-27,-24,34,36,48,43,59,41,8,4,-19,-7
24N,113W,1977,-28,22,60,77,41,34,31,23,19,-32,13,-8
24N,113W,1978,-19,-22,-28,37,1,-25,8,19,37,13,10,-10
24N,113W,1979,-28,-3,-17,-15,-34,-1,20,48,57,105,22,-21
24N,113W,1980,-11,-21,-21,16,21,-25,-1,-10,51,-13,6,-16
24N,113W,1981,-41,-58,-38,-23,-53,-63,-8,10,15,-6,-1,-21
24N,113W,1982,-20,-58,-46,-48,-74,-41,-9,3,18,-8,-10,-8
24N,113W,1983,-16,20,4,-21,54,3,7,-5,-42,-20,11,8
24N,113W,1984,13,1,-9,-19,-21,-73,-12,-14,-26,-27,-2,-26
24N,113W,1985,-32,-49,-20,-58,-22,-36,-26,-25,-24,-24,-25,-11
24N,113W,1986,-16,-37,-9,-57,-41,-45,-24,-14,24,-4,-20,-14
24N,113W,1987,-7,-25,-13,-17,-55,16,20,-3,-8,-40,-13,5
24N,113W,1988,-11,-53,-25,-65,-63,14,13,23,34,5,15,23
24N,113W,1989,-18,-16,-27,8,-39,-44,5,20,-17,-6,-21,-13
24N,113W,1990,-28,-38,-28,-46,-34,-102,-42,5,-26,-34,11,-13
24N,113W,1991,-8,-21,-18,-4,19,-11,11,7,-13,-47,9,-7
24N,113W,1992,-14,-36,-34,-19,-35,-51,-49,-29,-64,-15,-1,25
24N,113W,1993,-13,-31,3,19,-26,-14,19,-1,-6,8,5,33
24N,113W,1994,13,7,18,35,35,-24,39,1,-3,42,41,14
24N,113W,1995,24,-31,18,54,41,68,25,5,-21,89,12,27
24N,113W,1996,15,-1,22,62,23,5,23,-30,-2,20,24,35
24N,113W,1997,35,15,-5,26,-23,-15,39,4,-47,32,22,51
24N,113W,1998,70,71,35,101,67,-14,-4,-30,78,97,56,94
24N,113W,1999,80,47,57,70,47,12,33,36,60,17,86,33
24N,113W,2000,38,8,2,35,-20,-83,19,-19,6,-2,23,19
24N,113W,2001,19,-10,-4,10,-21,-42,-8,-7,26,1,72,63
24N,113W,2002,33,8,15,-9,-7,-49,-25,7,-24,40,-13,40
24N,113W,2003,-8,-49,13,19,12,53,2,33,-8,20,78,56
24N,113W,2004,26,17,8,2,17,-12,11,4,-25,48,73,26
24N,113W,2005,16,-36,75,64,1,8,9,-2,12,83,78,47
24N,113W,2006,47,27,57,86,28,-15,0,4,100,96,59,88
24N,113W,2007,44,66,76,97,80,35,3,38,49,56,46,48
24N,113W,2008,28,26,60,95,56,24,-7,34,52,20,60,35
24N,113W,2009,39,58,61,88,19,84,10,54,-20,-49,-2,-10
24N,113W,2010,-34,-7,-33,-30,85,76,96,41,70,94,38,25
24N,113W,2011,24,19,64,57,110,91,58,29,51,84,15,10
24N,113W,2012,19,8,23,92,114,60,39,-29,-46,7,45,38
24N,113W,2013,20,46,40,54,18,-15,18,-13,90,0,7,18
24N,113W,2014,-1,10,23,11,-23,-38,-9,-32,-35,-18,-5,8
24N,113W,2015,-28,-35,-46,2,-22,-16,-2,31,-44,-25,3,34
24N,113W,2016,9,1,31,6,49,-32,-20,12,-14,16,36,16
24N,113W,2017,17,-3,51,57,40,21,1,42,29,44,26,-3
24N,113W,2018,-4,-47,45,35,84,-17,34,-7,-27,-1,5,15
24N,113W,2019,-8,12,12,37,66,39,21,-3,6,8,-24,5
24N,113W,2020,26,-1,5,45,47,20,5,-28,-32,-18,22,6
24N,113W,2021,-17,22,40,74,39,24,11,,,,,
999,9,,,,,,,,,,,,,
27N,116W,1946,-18,-41,0,17,130,99,57,36,59,-45,-30,-29
27N,116W,1947,42,-31,19,10,-99,-45,97,25,-49,-5,-16,2
27N,116W,1948,-15,-16,-20,-29,17,-40,-11,-8,-26,-14,-13,-36
27N,116W,1949,-35,44,15,23,-15,-41,-23,16,-54,-22,-6,-16
27N,116W,1950,-2,14,-2,7,-11,-15,-62,21,-3,-28,15,34
27N,116W,1951,59,38,-12,-17,31,59,1,-16,37,17,27,-9
27N,116W,1952,-1,-35,-11,-37,-22,-44,-30,-33,-42,-35,-10,-23
27N,116W,1953,-17,-19,33,35,54,79,3,97,88,113,91,77
27N,116W,1954,15,29,-47,88,-34,-17,-46,12,-12,1,-21,25
27N,116W,1955,12,-6,7,101,30,75,76,16,92,130,24,34
27N,116W,1956,24,14,85,15,66,68,41,90,46,54,-7,-7
27N,116W,1957,-38,19,27,30,-11,11,47,-5,107,38,45,73
27N,116W,1958,102,62,38,65,87,102,44,-8,19,-1,36,5
27N,116W,1959,49,-45,39,11,-26,78,32,-5,5,42,-7,-41
27N,116W,1960,6,27,41,-46,34,-84,-52,-27,-58,-30,-27,-10
27N,116W,1961,-36,44,43,-16,1,-55,-56,-35,-71,-37,-29,-26
27N,116W,1962,-37,-39,-26,2,0,-2,34,3,16,-5,26,-19
27N,116W,1963,-40,-22,-9,2,-34,-34,13,-1,-68,-38,14,0
27N,116W,1964,11,-13,-23,-2,53,47,25,12,-5,-39,-12,36
27N,116W,1965,-21,-20,-75,-114,-76,-70,-26,-65,-61,-63,-67,-42
27N,116W,1966,-28,-60,-79,-112,-125,-100,-23,-72,-41,-72,-43,-19
27N,116W,1967,-1,-11,-23,-7,-21,-24,18,0,31,-9,-39,-29
27N,116W,1968,-21,-48,-30,-56,-59,-61,-11,-11,-12,0,32,3
27N,116W,1969,-49,-23,50,20,-20,-52,29,17,1,3,-59,15
27N,116W,1970,10,-59,-27,5,16,-33,-5,28,-5,1,10,32
27N,116W,1971,28,41,53,46,-21,-12,-16,-36,29,15,100,71
27N,116W,1972,49,45,80,88,-6,-33,-13,-47,-16,-42,3,18
27N,116W,1973,34,-65,53,33,-54,-57,-24,10,28,0,42,34
27N,116W,1974,-15,12,4,60,6,-35,-47,10,-16,-26,-14,-24
27N,116W,1975,-28,-9,8,35,-37,-34,-15,10,7,27,25,-23
27N,116W,1976,-44,-42,8,10,13,19,28,65,-53,-48,-46,-46
27N,116W,1977,-61,17,70,58,22,57,21,29,4,-12,0,-37
27N,116W,1978,-35,-50,-46,30,-29,-20,14,8,-15,7,-10,-32
27N,116W,1979,-57,-4,-43,14,-78,-56,-3,4,23,113,44,-21
27N,116W,1980,-42,-52,-30,51,28,52,13,-20,51,-11,3,-39
27N,116W,1981,-56,-75,-43,-45,-88,-107,-40,17,-21,-42,-23,-22
27N,116W,1982,-32,-31,-53,-35,-93,2,-14,13,-21,-31,-37,-19
27N,116W,1983,-32,3,-16,-58,32,-16,-11,-58,-91,-64,-4,-13
27N,116W,1984,-1,22,-14,-5,-29,-35,-38,-45,-48,-27,-5,-53
27N,116W,1985,-52,-58,-15,-34,-32,-33,-44,-33,-59,-40,-44,-25
27N,116W,1986,-25,-30,-18,-59,-53,1,-2,3,43,-15,-37,-16
27N,116W,1987,7,-31,-11,17,-47,6,127,45,36,-40,-10,3
27N,116W,1988,-6,-58,6,-62,-12,34,18,95,49,17,36,31
27N,116W,1989,-18,-14,22,28,15,0,25,4,-20,-18,-27,-23
27N,116W,1990,-41,-25,-4,-65,-9,-85,-52,28,-21,-29,11,-30
27N,116W,1991,-45,-55,-50,38,39,-2,42,58,38,-32,24,-40
27N,116W,1992,-25,-72,-70,-4,-58,-23,-76,-14,-52,-14,-3,-8
27N,116W,1993,-46,-69,11,77,-42,-32,6,4,-15,-4,-9,22
27N,116W,1994,8,-45,-26,22,-47,-32,19,-38,-22,11,18,-21
27N,116W,1995,-20,-51,-1,45,-59,26,12,1,-12,47,3,24
27N,116W,1996,48,-12,44,51,14,-15,-5,-50,-25,14,23,-1
27N,116W,1997,19,47,33,44,-57,-25,32,11,-44,-3,6,2
27N,116W,1998,23,10,-15,31,-52,-15,-9,-49,23,30,25,24
27N,116W,1999,57,46,26,49,-7,-5,33,66,70,-9,5,1
27N,116W,2000,4,-34,-4,29,-17,-60,47,-27,2,-21,-9,-17
27N,116W,2001,-22,-40,-21,34,-83,-52,7,-2,-14,-9,42,21
27N,116W,2002,12,-17,15,-25,4,-31,-30,9,-9,24,-19,9
27N,116W,2003,-34,-65,20,21,21,5,-4,52,12,-19,25,6
27N,116W,2004,-1,-12,8,-16,-17,-42,0,-2,-55,-23,35,-13
27N,116W,2005,-35,-74,31,53,-10,17,-8,-19,34,46,43,22
27N,116W,2006,41,2,25,14,-45,-56,-37,18,72,70,67,72
27N,116W,2007,18,57,53,85,36,38,-5,32,58,56,10,19
27N,116W,2008,-31,31,90,126,15,-11,-14,24,57,24,40,2
27N,116W,2009,2,10,49,49,-1,22,6,33,9,-45,-17,-39
27N,116W,2010,-61,-36,-51,-103,-50,62,93,74,65,17,6,-7
27N,116W,2011,-18,-32,69,82,80,143,87,47,61,55,-26,-19
27N,116W,2012,13,-10,25,32,102,143,64,-10,-72,4,36,30
27N,116W,2013,-21,22,37,74,9,16,7,31,56,5,-16,0
27N,116W,2014,-20,5,22,15,-32,16,-22,-35,-28,-35,-6,-12
27N,116W,2015,-44,-18,-32,1,-63,-17,-10,31,-63,-41,10,57
27N,116W,2016,9,11,70,-15,-32,-51,-8,13,-5,7,31,-11
27N,116W,2017,-18,16,43,95,-10,14,-25,52,20,31,22,-23
27N,116W,2018,-13,-53,14,61,16,-14,-5,-27,-9,-28,-11,3
27N,116W,2019,-27,-37,8,33,-19,-15,49,27,1,2,-32,-24
27N,116W,2020,21,-8,-50,26,29,3,37,-24,-41,-14,20,9
27N,116W,2021,-33,49,16,80,9,-16,-1,,,,,
999,9,,,,,,,,,,,,,
30N,119W,1946,54,3,16,14,52,148,64,59,78,-17,-11,-1
30N,119W,1947,54,-17,-5,50,-86,-23,100,10,-27,-8,5,7
30N,119W,1948,-26,25,-34,-80,20,-48,-17,-23,-24,-22,7,-23
30N,119W,1949,7,44,-26,9,-42,-39,-30,13,-6,-12,19,-1
30N,119W,1950,4,-19,1,10,-47,-35,-67,-21,-28,-33,-7,34
30N,119W,1951,56,8,-1,-50,4,8,14,-22,26,25,8,-5
30N,119W,1952,-32,-42,-8,-42,24,-49,-59,-27,-31,4,-11,-23
30N,119W,1953,0,48,42,42,18,36,0,49,25,36,63,59
30N,119W,1954,21,17,-39,33,-27,11,-35,36,35,2,4,-5
30N,119W,1955,25,-9,-17,85,65,100,59,31,113,70,46,7
30N,119W,1956,16,21,91,24,38,98,48,103,51,36,-5,-2
30N,119W,1957,-36,-21,49,43,-10,75,59,28,38,19,28,17
30N,119W,1958,49,-2,-15,88,-9,59,42,-12,36,27,50,3
30N,119W,1959,43,-44,52,8,31,105,52,-3,22,50,-1,-27
30N,119W,1960,-11,23,53,3,99,-66,-32,-4,4,18,-18,12
30N,119W,1961,-23,80,52,23,10,-41,-49,-18,-59,-37,-18,-1
30N,119W,1962,-7,-31,-34,48,12,19,12,24,19,-6,38,-22
30N,119W,1963,-47,-14,-29,-26,-50,-36,39,-11,-36,-32,-2,-13
30N,119W,1964,13,-14,33,28,25,5,33,-8,-11,-43,-27,19
30N,119W,1965,-12,-23,-66,-102,-15,-57,-48,-68,-70,-45,-64,-27
30N,119W,1966,-12,-28,-44,-77,-119,-78,-11,-81,-53,-52,-51,-12
30N,119W,1967,-27,-12,-60,-68,-37,-69,-17,14,-58,-12,-52,4
30N,119W,1968,-24,-47,-24,-25,-48,-42,-41,-34,-25,-27,25,-22
30N,119W,1969,-48,-32,20,44,27,-5,76,60,44,31,-58,16
30N,119W,1970,-29,-64,-20,42,41,39,34,83,29,14,-10,-9
30N,119W,1971,26,87,50,91,41,66,53,5,41,39,74,28
30N,119W,1972,35,11,70,39,-35,-31,-18,-29,-39,-42,2,31
30N,119W,1973,8,-70,62,51,-45,-21,-6,7,-8,-13,28,43
30N,119W,1974,-34,27,-23,93,84,64,4,25,12,1,9,-20
30N,119W,1975,-6,-15,11,33,-13,-2,49,52,51,43,69,4
30N,119W,1976,-12,-13,23,19,31,0,17,3,-59,-23,-11,-26
30N,119W,1977,-18,54,85,28,-18,23,38,35,-24,22,29,-41
30N,119W,1978,-47,-48,-73,0,-9,25,41,0,5,-4,-2,-25
30N,119W,1979,-49,0,-51,82,-31,11,19,34,46,52,25,-16
30N,119W,1980,-36,-60,5,61,39,110,68,-7,57,21,64,8
30N,119W,1981,-27,-20,14,32,16,-13,10,92,44,4,16,65
30N,119W,1982,-5,-6,-65,-6,-7,102,57,74,13,19,-20,23
30N,119W,1983,-27,-6,-18,-41,98,49,104,-2,-32,-20,50,22
30N,119W,1984,44,62,46,85,91,94,14,-16,-22,55,9,-37
30N,119W,1985,-29,-16,28,29,12,-32,9,4,-52,-8,-6,-10
30N,119W,1986,-25,-19,-15,-6,-17,26,11,5,27,-11,-20,-13
30N,119W,1987,25,-16,-21,4,-38,-48,91,1,27,-66,-2,-15
30N,119W,1988,-17,-50,29,-58,19,9,-15,37,2,-4,48,11
30N,119W,1989,21,-17,34,-2,47,3,62,25,12,-30,-6,-24
30N,119W,1990,-21,17,36,-9,50,7,-36,8,9,-17,26,-12
30N,119W,1991,-24,-25,-36,88,87,-27,24,26,54,11,44,-33
30N,119W,1992,-12,-70,-83,16,-64,-34,-56,-11,-6,-19,23,-8
30N,119W,1993,-42,-65,-12,138,-76,-38,-32,-32,-13,-33,-28,-1
30N,119W,1994,11,-52,-40,48,-59,22,32,4,4,28,34,2
30N,119W,1995,-46,-35,-40,48,-88,-8,-20,20,28,2,-6,25
30N,119W,1996,45,-31,-3,38,15,-20,-24,-32,-12,60,45,-22
30N,119W,1997,10,133,11,89,-75,-41,-35,-38,-20,10,-8,0
30N,119W,1998,8,0,6,2,-105,-62,-5,-22,0,63,65,68
30N,119W,1999,66,66,10,50,26,-1,20,63,3,23,-18,13
30N,119W,2000,3,-65,10,19,-13,-85,34,-38,-37,-15,22,-13
30N,119W,2001,4,-43,-25,46,-107,-70,-19,-3,-12,-27,18,28
30N,119W,2002,31,-5,-6,-40,-11,-27,-64,-20,-30,0,-14,-8
30N,119W,2003,-18,-43,28,-29,-41,-52,-35,30,8,-6,-15,-25
30N,119W,2004,23,-14,30,14,4,-7,-16,-34,-42,-31,29,-26
30N,119W,2005,-32,-58,-9,58,7,43,-14,-39,51,49,34,17
30N,119W,2006,57,6,-3,-53,-36,-21,-44,3,20,26,108,68
30N,119W,2007,41,42,45,100,27,8,4,7,7,33,16,44
30N,119W,2008,-38,33,132,114,16,-17,-28,-16,27,9,20,16
30N,119W,2009,1,-28,40,41,-11,-64,-20,-21,24,72,84,3
30N,119W,2010,-39,-3,3,-60,-124,-5,8,17,5,-32,-2,-13
30N,119W,2011,-13,-44,10,70,2,7,33,34,-4,4,-23,4
30N,119W,2012,27,30,-13,-15,72,80,34,-19,-39,1,-16,11
30N,119W,2013,-14,41,-1,48,-14,-41,-43,2,35,-9,-23,-7
30N,119W,2014,-11,5,1,6,-42,-22,-69,-63,4,-44,-17,-33
30N,119W,2015,-38,-10,-12,16,-79,-42,-74,-9,-69,-27,15,79
30N,119W,2016,-12,15,45,-20,-89,-73,-28,-4,-26,-11,26,-7
30N,119W,2017,-38,-24,14,80,-39,5,-53,-10,-9,14,4,-4
30N,119W,2018,-4,-9,-55,53,-39,-39,-49,-47,-3,-23,-21,18
30N,119W,2019,-39,-41,-38,6,-69,-89,30,11,-15,-10,-7,-35
31N,119W,2020,53,7,-83,11,-2,-44,11,-32,-27,-31,14,11
31N,119W,2021,-8,78,-12,67,-8,-46,-32,,,,,
999,9,,,,,,,,,,,,,
33N,119W,1946,14,-5,-11,-28,-9,36,-55,-60,-35,-29,-5,-5
33N,119W,1947,7,-25,-47,-23,-131,-151,-3,-56,-46,-18,-1,4
33N,119W,1948,-22,10,-43,-90,-80,-165,-111,-101,-59,-41,-28,-1
33N,119W,1949,5,0,-44,-53,-117,-160,-124,-78,-73,-27,-19,-1
33N,119W,1950,23,-30,-42,-37,-99,-121,-145,-102,-40,-30,-15,10
33N,119W,1951,53,3,-35,-68,-44,-96,-72,-106,-24,-15,-5,9
33N,119W,1952,-9,-26,-6,-84,-44,-102,-133,-67,-65,-9,-6,-2
33N,119W,1953,-1,34,37,77,-49,14,-78,-32,-24,-1,25,13
33N,119W,1954,11,-24,-49,0,-66,-37,-109,26,1,-4,-3,-12
33N,119W,1955,7,-16,-49,82,83,122,41,26,107,71,45,12
33N,119W,1956,17,44,55,38,-5,148,100,160,44,66,-38,-7
33N,119W,1957,-10,-14,63,92,-19,36,51,64,56,33,19,0
33N,119W,1958,2,7,-5,53,-18,129,119,37,44,8,42,-4
33N,119W,1959,17,-16,30,34,118,179,110,59,103,49,-6,-5
33N,119W,1960,-3,45,73,-11,67,-115,-107,-29,-34,10,-2,1
33N,119W,1961,-29,51,97,-15,69,-71,-86,-106,-78,-40,-9,3
33N,119W,1962,-19,-5,-56,6,2,-88,53,-18,-3,7,42,-11
33N,119W,1963,-21,-21,-27,-21,-40,-2,66,-8,-91,-37,-5,-26
33N,119W,1964,1,-18,30,110,187,203,172,138,99,18,-3,26
33N,119W,1965,1,18,0,-114,13,10,77,24,5,-21,-19,-2
33N,119W,1966,-8,-3,-24,6,12,34,91,37,6,-16,-3,-2
33N,119W,1967,-15,-31,2,-3,33,82,83,84,17,-13,-16,-7
33N,119W,1968,-17,-36,-34,25,121,93,24,33,60,12,25,-4
33N,119W,1969,-15,-11,2,59,71,65,125,61,88,49,-30,25
33N,119W,1970,-11,-38,-9,95,17,22,2,53,6,19,-5,1
33N,119W,1971,-3,60,19,107,39,108,97,-33,-3,-7,24,11
33N,119W,1972,-11,-15,48,50,-39,-29,23,-11,7,-40,-6,14
33N,119W,1973,-4,-47,62,38,8,-30,57,22,30,-11,53,14
33N,119W,1974,-18,-5,-29,29,90,18,-2,33,22,21,4,-6
33N,119W,1975,-9,-3,3,19,0,50,91,39,29,24,33,6
33N,119W,1976,-20,-14,0,20,22,-50,46,0,-49,-26,-18,-16
33N,119W,1977,-10,9,43,29,-58,13,54,13,21,15,15,-15
33N,119W,1978,-21,-38,-98,-25,-87,-6,51,-2,-40,-9,0,-16
33N,119W,1979,-23,-17,-56,95,-2,5,69,64,-8,65,0,-19
33N,119W,1980,-16,-48,-25,14,103,95,81,89,87,-7,6,-25
33N,119W,1981,-21,-38,-15,34,52,-52,37,60,63,7,5,19
33N,119W,1982,-3,-21,-67,-55,-10,78,30,22,4,-16,-13,7
33N,119W,1983,-20,-28,-24,-66,31,61,67,-64,-18,-23,44,24
33N,119W,1984,-7,15,20,100,26,82,-16,-18,-47,69,30,-10
33N,119W,1985,-11,-12,50,16,48,-18,24,30,-10,9,22,-18
33N,119W,1986,-21,-19,-33,-8,-11,21,15,10,65,-4,-6,-8
33N,119W,1987,2,-21,-36,-28,-42,-16,94,31,53,-37,6,-2
33N,119W,1988,-11,-41,-11,-72,23,9,56,57,17,39,61,5
33N,119W,1989,-4,-3,36,20,97,75,132,113,41,-7,-4,-20
33N,119W,1990,-9,26,62,35,51,-29,-54,-24,-3,-34,12,-4
33N,119W,1991,-12,-18,-22,62,94,-12,16,-21,-6,3,9,-10
33N,119W,1992,-27,-48,-87,-28,-84,-42,-54,-29,-2,-3,-3,-4
33N,119W,1993,-20,-33,-43,38,-111,-120,-3,-48,-20,-38,-17,-6
33N,119W,1994,-9,-39,-53,26,-65,-10,96,4,15,13,23,4
33N,119W,1995,-20,-33,-74,23,-43,-53,-13,10,34,-16,11,16
33N,119W,1996,21,-14,-25,-25,-6,-20,-8,-39,5,28,22,-9
33N,119W,1997,-11,42,-35,74,-81,-30,11,-6,-11,-16,-8,-11
33N,119W,1998,4,6,-20,-38,-114,-112,-64,-96,-15,8,30,14
33N,119W,1999,17,34,33,72,47,19,41,44,1,-16,1,4
33N,119W,2000,14,-30,-10,4,-28,-106,64,-9,-21,17,27,-8
33N,119W,2001,-5,-38,-48,93,-113,-69,33,35,22,-9,19,15
33N,119W,2002,5,-36,-7,27,16,19,27,28,-5,52,-13,-2
33N,119W,2003,-21,-29,-5,7,44,82,76,131,83,-44,-15,-13
33N,119W,2004,-6,-30,-39,-53,-24,-94,-72,-97,-72,-4,31,-8
33N,119W,2005,-7,-42,-23,19,-70,-73,-69,-78,51,55,38,33
33N,119W,2006,60,14,21,-55,-91,-101,-70,-19,-2,30,96,52
33N,119W,2007,36,85,44,104,-13,-50,-31,-55,3,24,28,37
33N,119W,2008,-15,33,89,60,-56,-87,-69,-77,-27,-10,18,31
33N,119W,2009,-1,-9,22,22,-71,-145,-48,-68,-2,63,78,26
33N,119W,2010,-16,23,7,-2,-38,-18,41,-9,-14,-10,11,15
33N,119W,2011,-14,-26,-15,27,-22,-23,-4,16,-19,10,-2,12
33N,119W,2012,18,25,-4,6,86,104,29,-58,-33,11,12,26
33N,119W,2013,-4,37,16,79,-23,6,14,6,35,4,-5,-3
33N,119W,2014,-6,15,-34,-10,-73,-11,-45,-62,7,-26,-2,-8
33N,119W,2015,-19,-9,-49,-10,-70,-43,-53,16,-42,-3,17,67
33N,119W,2016,-6,-10,43,-13,-64,-64,40,40,-2,16,22,9
33N,119W,2017,-6,4,8,61,9,69,22,27,3,13,32,6
33N,119W,2018,4,12,-46,109,35,41,-11,21,81,-7,-1,20
33N,119W,2019,-18,-4,-39,44,-45,-53,99,69,24,-18,15,-9
33N,119W,2020,54,11,-68,2,0,-16,80,-13,-18,-11,33,12
33N,119W,2021,-2,83,9,146,97,23,40,,,,,
999,9,,,,,,,,,,,,,
36N,122W,1946,19,-19,16,-9,-30,18,-45,-37,-35,3,5,-4
36N,122W,1947,22,-26,-46,0,-98,-85,-19,-29,-7,-8,53,28
36N,122W,1948,-14,43,-14,-73,-50,-125,-47,-34,3,-7,17,6
36N,122W,1949,22,1,-67,-16,-88,-89,-78,-52,-50,13,-15,13
36N,122W,1950,24,-32,-27,3,-20,-86,-83,-76,-39,-36,-11,-8
36N,122W,1951,30,-12,22,-41,-37,-91,-36,-77,-36,-13,-11,-1
36N,122W,1952,-6,-17,23,-44,-33,-54,-125,-48,-53,-37,-8,-6
36N,122W,1953,0,81,36,8,-58,19,-73,-102,-63,-8,-7,25
36N,122W,1954,3,-33,-46,-24,-42,-15,-76,-15,24,-13,-5,-15
36N,122W,1955,4,2,3,34,144,125,93,106,122,36,36,-11
36N,122W,1956,-8,10,59,5,-30,161,78,106,17,47,-9,9
36N,122W,1957,-7,-34,13,41,-74,70,74,80,-16,-13,3,-8
36N,122W,1958,-15,-59,-49,5,-88,-9,44,32,39,-5,43,-5
36N,122W,1959,1,-19,79,39,97,174,120,61,95,56,7,5
36N,122W,1960,-10,25,24,20,31,-98,-105,-22,-9,15,-1,-3
36N,122W,1961,-26,39,55,6,39,-100,-64,-95,-37,6,-11,22
36N,122W,1962,7,-27,-56,30,5,-53,9,-43,12,-7,39,-10
36N,122W,1963,-5,-34,-46,-64,-64,-7,6,10,-66,-23,-10,-12
36N,122W,1964,12,37,54,145,92,57,115,51,61,-14,-11,3
36N,122W,1965,-4,46,-23,-66,113,41,30,25,-2,-17,-22,-4
36N,122W,1966,-7,-10,-16,15,5,68,73,59,-3,11,-12,-2
36N,122W,1967,-9,-7,-28,-24,63,5,50,31,-2,11,-13,3
36N,122W,1968,-14,-41,-37,124,103,107,54,-25,41,9,6,-8
36N,122W,1969,-14,-36,-21,41,44,6,105,99,45,1,-17,-7
36N,122W,1970,-28,-38,5,176,23,-34,-16,38,10,-14,-13,-7
36N,122W,1971,2,61,-12,81,19,55,42,-31,-15,24,13,0
36N,122W,1972,-1,-30,27,26,-20,-11,-1,-4,-11,-45,-11,-3
36N,122W,1973,-13,-63,43,87,57,28,97,67,17,-6,5,-7
36N,122W,1974,-11,-2,-52,27,158,49,15,34,34,20,7,12
36N,122W,1975,16,-25,-25,35,68,48,68,18,58,22,45,16
36N,122W,1976,11,-15,44,-6,56,-43,26,-74,-14,0,-8,-6
36N,122W,1977,-9,-1,61,32,-65,-7,49,-10,-9,18,29,-17
36N,122W,1978,-47,-34,-75,-62,-15,1,54,0,-11,19,10,5
36N,122W,1979,-14,-25,-50,40,56,111,40,76,27,-8,-9,-16
36N,122W,1980,-12,-52,25,23,114,53,26,93,37,2,20,-14
36N,122W,1981,-31,-30,-24,68,130,50,52,69,65,-7,-12,-4
36N,122W,1982,-9,-31,-71,-80,36,-32,23,-13,21,-23,-12,-4
36N,122W,1983,-34,-51,-76,-86,-16,30,25,-67,-20,-19,-1,-5
36N,122W,1984,2,-12,21,110,74,97,-12,6,19,44,-9,-10
36N,122W,1985,-12,16,8,29,25,-40,4,-3,-10,25,16,-18
36N,122W,1986,-26,-37,-54,37,3,-41,7,-2,1,0,33,-9
36N,122W,1987,-6,-23,-56,12,-12,-42,18,-45,35,-31,2,-8
36N,122W,1988,-11,-12,63,-68,-12,-34,14,-35,19,7,10,-4
36N,122W,1989,12,-14,-54,-41,51,-48,137,35,-4,-22,4,-10
36N,122W,1990,-1,7,16,17,-54,-20,-71,-76,-7,-3,27,9
36N,122W,1991,-12,-28,-41,80,103,-11,-56,-50,-38,-11,38,-13
36N,122W,1992,-13,-51,-68,6,-41,-66,-26,-17,2,-27,17,-8
36N,122W,1993,-25,-44,-29,77,-131,-38,-2,-49,3,-35,-10,-7
36N,122W,1994,-8,-31,-19,71,-7,49,44,43,1,22,26,-1
36N,122W,1995,96,-29,-71,10,-15,-54,-48,4,44,5,34,-1
36N,122W,1996,6,-33,-38,-8,2,48,-12,4,21,48,18,-8
36N,122W,1997,-8,88,49,126,-88,75,19,-27,29,20,-11,-6
36N,122W,1998,-8,-33,23,7,-89,-54,-7,-25,14,43,24,44
36N,122W,1999,18,14,25,155,200,115,68,45,-9,5,-10,42
36N,122W,2000,2,-57,67,-8,41,-63,121,54,-5,30,50,-3
36N,122W,2001,-8,-35,5,145,-16,86,79,94,41,16,-4,0
36N,122W,2002,32,-17,4,65,105,192,37,46,26,51,-5,-34
36N,122W,2003,-23,0,14,-23,87,81,123,92,47,25,-13,-44
36N,122W,2004,-11,-36,16,-22,59,-33,-95,-111,-11,-2,49,-4
36N,122W,2005,-10,-35,-26,41,-51,-42,-61,-55,58,83,58,2
36N,122W,2006,43,9,-31,-74,-32,-45,-2,-35,17,10,106,48
36N,122W,2007,108,43,85,117,19,-22,-60,-82,-4,24,61,53
36N,122W,2008,-11,30,154,85,-32,-42,-82,-69,-33,29,34,33
36N,122W,2009,41,-33,41,45,-54,-156,-69,-92,3,17,25,-7
36N,122W,2010,-33,-33,-28,4,16,67,-2,6,11,-22,25,-6
36N,122W,2011,12,-17,-57,59,-5,-36,24,68,-10,11,10,37
36N,122W,2012,33,29,-37,3,158,148,108,60,85,17,-8,3
36N,122W,2013,17,74,27,125,37,79,84,51,83,40,10,24
36N,122W,2014,12,-13,-42,23,37,108,-13,-7,24,-7,1,-9
36N,122W,2015,0,-16,4,41,-12,16,-43,-1,34,10,45,28
36N,122W,2016,-19,-7,-14,0,-27,56,130,62,74,-11,7,15
36N,122W,2017,-11,-29,12,9,83,111,128,45,8,60,9,34
36N,122W,2018,1,72,-63,69,69,167,67,86,126,26,8,15
36N,122W,2019,-17,-24,-60,49,-37,2,157,65,81,34,38,-11
36N,122W,2020,56,97,-50,48,-17,33,85,17,-2,13,53,24
36N,122W,2021,2,90,3,143,196,40,101,,,,,
999,9,,,,,,,,,,,,,
39N,125W,1946,19,-19,9,-33,-39,-56,-42,16,-28,39,12,7
39N,125W,1947,27,-12,-34,-9,-56,-45,-99,30,18,-11,51,13
39N,125W,1948,9,40,-8,-62,-77,-59,-34,-22,-9,-8,14,19
39N,125W,1949,53,13,-40,-25,-57,-2,-22,-65,-22,45,-28,23
39N,125W,1950,37,-16,-24,3,86,-46,23,-49,-15,-26,7,-46
39N,125W,1951,20,-7,54,-3,-37,3,21,40,-30,-8,-11,16
39N,125W,1952,10,-7,68,-24,-24,-30,-38,-13,-11,-20,7,-33
39N,125W,1953,-26,56,4,-27,-50,22,-8,-86,-30,0,-16,20
39N,125W,1954,8,-17,-25,-34,-1,-43,-37,-44,-6,-19,-20,-17
39N,125W,1955,16,17,29,4,160,42,60,115,70,12,21,-32
39N,125W,1956,-49,11,2,38,-18,36,22,19,-37,25,9,13
39N,125W,1957,14,-19,-20,8,-89,-1,35,28,-51,-12,9,-7
39N,125W,1958,-100,-159,-26,-19,-77,-77,-33,4,15,-11,18,-3
39N,125W,1959,9,1,47,54,38,39,75,71,24,43,14,13
39N,125W,1960,-7,9,-12,-41,-76,0,-83,-9,9,-8,6,-20
39N,125W,1961,-74,4,-10,-15,-49,-65,-72,-73,20,23,3,26
39N,125W,1962,20,-28,-26,-18,-21,-9,4,-64,8,-15,13,-18
39N,125W,1963,24,-53,-27,-55,-43,87,-27,21,-60,-18,3,1
39N,125W,1964,22,97,57,202,16,-18,43,58,131,-13,2,1
39N,125W,1965,3,27,-2,-24,176,63,-20,-37,15,-11,-45,15
39N,125W,1966,12,-6,-25,57,69,25,4,64,-25,32,-5,5
39N,125W,1967,6,31,-18,-24,75,42,78,35,5,-2,7,18
39N,125W,1968,3,-69,-34,156,-13,73,40,-77,13,2,0,-27
39N,125W,1969,5,-56,-20,-27,-12,-22,158,218,55,-11,9,-36
39N,125W,1970,-128,-49,21,150,64,-17,32,80,74,-7,-21,-4
39N,125W,1971,27,41,-28,7,58,2,-13,-54,0,53,15,21
39N,125W,1972,16,-28,-14,21,60,87,9,23,18,21,5,10
39N,125W,1973,-36,-62,65,184,128,158,142,180,23,33,0,-23
39N,125W,1974,14,0,-34,36,232,130,0,111,41,94,9,17
39N,125W,1975,33,-29,-15,81,130,188,48,108,102,4,26,17
39N,125W,1976,22,0,65,-10,207,137,67,-28,71,59,9,15
39N,125W,1977,13,-4,104,52,-27,205,183,54,30,59,21,-37
39N,125W,1978,-99,-23,-34,-34,165,66,182,106,56,117,61,40
39N,125W,1979,11,-15,-22,-33,119,142,-12,2,25,-13,-10,-25
39N,125W,1980,12,-86,55,-7,140,28,51,199,53,17,14,-10
39N,125W,1981,-77,-12,-12,122,126,151,164,77,44,2,-10,-30
39N,125W,1982,21,-10,-36,-55,205,-53,7,-16,81,-15,-1,-7
39N,125W,1983,-75,-151,-114,-50,4,80,35,-36,80,3,-22,-4
39N,125W,1984,30,-11,-5,42,32,158,93,43,120,17,-25,14
39N,125W,1985,13,77,8,38,-4,19,-35,0,12,49,29,1
39N,125W,1986,-111,-46,-33,68,-15,-47,68,19,-5,-1,47,-10
39N,125W,1987,-2,-7,-38,13,44,8,-15,42,64,7,7,1
39N,125W,1988,-9,34,75,-46,-42,8,81,43,81,20,8,25
39N,125W,1989,49,1,-58,-39,54,-34,137,93,-7,23,56,18
39N,125W,1990,25,9,-2,13,-37,-32,-76,-77,-2,54,46,42
39N,125W,1991,11,-14,-9,36,115,99,19,-65,16,32,34,9
39N,125W,1992,-11,-79,-34,-51,56,-39,-34,12,10,-13,15,14
39N,125W,1993,5,-28,-33,-37,-121,52,96,22,44,18,21,-5
39N,125W,1994,7,-12,-19,47,41,56,68,63,8,72,35,-2
39N,125W,1995,-296,-9,-43,-18,46,-29,-76,83,25,73,15,-29
39N,125W,1996,10,-40,-25,-51,37,165,49,80,54,43,19,-21
39N,125W,1997,8,65,50,45,-86,145,105,-58,18,54,-8,11
39N,125W,1998,-84,-94,4,9,-81,91,52,156,96,37,-4,40
39N,125W,1999,11,-31,-19,215,240,175,74,42,115,15,-39,28
39N,125W,2000,-9,-121,70,-48,-8,49,120,134,52,44,20,7
39N,125W,2001,8,-14,50,58,132,159,184,64,43,71,-6,-6
39N,125W,2002,16,-9,-3,48,78,220,89,146,67,108,4,-162
39N,125W,2003,-89,29,-16,-51,97,134,145,15,77,30,0,-82
39N,125W,2004,-25,-34,56,4,25,73,-36,-42,110,25,84,15
39N,125W,2005,-4,-5,-17,11,-60,29,35,70,131,62,46,-25
39N,125W,2006,13,18,-36,-38,46,35,116,105,107,96,35,16
39N,125W,2007,119,14,76,77,115,61,-66,-1,42,16,62,39
39N,125W,2008,12,31,98,81,107,120,-12,55,24,44,18,46
39N,125W,2009,52,-29,58,89,24,-30,4,-5,45,48,19,-1
39N,125W,2010,-145,-40,-18,-2,2,102,67,73,39,-1,39,-48
39N,125W,2011,33,18,-73,24,-5,49,92,130,55,42,13,82
39N,125W,2012,23,26,-43,-43,167,76,190,131,159,4,-5,15
39N,125W,2013,51,145,26,165,54,85,202,-7,28,117,29,110
39N,125W,2014,27,-12,-20,32,83,266,95,106,11,-12,6,-17
39N,125W,2015,19,-3,19,101,123,119,-35,-21,107,31,50,14
39N,125W,2016,-108,-7,-26,13,109,120,182,109,174,-21,-6,41
39N,125W,2017,2,-34,-19,-49,175,85,235,114,78,131,-5,35
39N,125W,2018,4,177,-34,-16,110,219,110,96,136,56,24,15
39N,125W,2019,-18,5,-33,82,24,220,142,45,111,97,94,-4
39N,125W,2020,27,241,14,77,-36,127,155,130,-24,138,41,25
39N,125W,2021,14,83,5,138,305,36,228,,,,,
999,9,,,,,,,,,,,,,
42N,125W,1946,51,-40,2,-29,-30,-73,-64,8,-22,19,37,46
42N,125W,1947,66,10,-8,-21,-21,-63,-100,41,8,-21,56,35
42N,125W,1948,60,38,-1,-43,-64,-29,-52,-31,-21,1,36,48
42N,125W,1949,84,-17,-4,-27,-49,14,-4,-59,-12,32,-99,46
42N,125W,1950,53,-42,-30,-22,50,-26,22,-50,-3,-30,10,-81
42N,125W,1951,31,6,20,21,-32,49,-13,59,-23,-2,-45,41
42N,125W,1952,-8,14,31,-23,-26,-28,-10,-10,-3,-1,18,-127
42N,125W,1953,-137,43,0,-28,-54,-9,-2,-64,-3,1,-52,48
42N,125W,1954,15,-32,0,-19,-8,-68,-43,-39,-17,-16,-69,-43
42N,125W,1955,48,32,14,-5,90,17,16,82,34,3,25,-18
42N,125W,1956,-70,27,3,60,2,-20,5,10,-26,9,33,36
42N,125W,1957,65,14,-17,1,-63,-18,8,-2,-33,0,37,-29
42N,125W,1958,-191,-166,-4,-24,-30,-46,-6,-2,-6,-1,33,-18
42N,125W,1959,18,23,13,38,3,-7,41,66,-13,14,39,37
42N,125W,1960,1,18,-5,-33,-74,38,-45,-2,15,-7,-6,-10
42N,125W,1961,-127,-28,-40,-8,-62,-45,-58,-39,40,13,13,54
42N,125W,1962,64,-1,-2,-20,-7,-16,47,-43,-6,-3,4,-22
42N,125W,1963,84,-73,-1,-34,-44,54,-39,-15,-37,-15,16,3
42N,125W,1964,-5,63,19,114,10,-31,-10,8,49,-7,5,-30
42N,125W,1965,-12,35,25,-8,100,92,30,-14,63,-2,-59,32
42N,125W,1966,20,18,-15,67,158,-9,7,91,-12,17,17,-28
42N,125W,1967,12,34,0,-3,99,92,98,51,5,-5,40,52
42N,125W,1968,11,-76,-20,111,0,57,65,-56,10,-2,-20,-40
42N,125W,1969,42,-55,-1,-27,-24,2,107,100,18,-2,28,-62
42N,125W,1970,-89,-34,15,65,31,-5,22,69,35,0,-6,-15
42N,125W,1971,66,41,-26,-7,66,-28,-13,-39,-6,23,33,49
42N,125W,1972,63,-36,-6,-4,22,52,-13,4,8,60,8,14
42N,125W,1973,-22,-25,29,92,27,22,54,107,-17,6,1,-59
42N,125W,1974,59,11,-19,-2,73,74,-45,44,2,41,20,34
42N,125W,1975,56,-37,3,56,22,117,1,32,36,-11,25,45
42N,125W,1976,57,24,17,-18,53,63,-37,-47,16,7,19,30
42N,125W,1977,46,-29,41,-6,-43,100,60,-12,-4,4,24,-53
42N,125W,1978,-103,-40,-3,-23,32,-16,60,-18,-28,33,46,60
42N,125W,1979,37,-41,0,-20,21,50,-70,-45,-28,-4,-46,-89
42N,125W,1980,60,-96,19,-27,43,-20,20,88,-7,-3,-4,-59
42N,125W,1981,-112,-11,-4,11,-13,-25,69,-13,-21,-1,-27,-48
42N,125W,1982,60,-3,-5,-30,110,-37,-35,-40,1,-22,-7,-40
42N,125W,1983,-145,-228,-132,-25,-23,-26,-71,-48,25,0,-102,35
42N,125W,1984,50,-57,-12,-15,-58,-2,49,-28,-5,-4,-75,53
42N,125W,1985,35,37,2,-12,-47,-14,-52,-28,-15,1,43,-23
42N,125W,1986,-202,-44,-22,14,-65,-68,-14,-14,-25,-6,41,-44
42N,125W,1987,-23,16,-29,-20,-24,-22,-66,49,2,9,2,19
42N,125W,1988,-25,28,8,-27,-66,-38,4,31,8,4,-14,53
42N,125W,1989,67,27,-46,-28,-13,-25,-4,18,-9,2,42,41
42N,125W,1990,44,19,-2,-3,-53,-57,-10,-46,10,12,42,59
42N,125W,1991,46,-17,7,7,56,66,39,-42,41,33,37,29
42N,125W,1992,-51,-95,0,-35,62,-4,-6,26,6,0,31,36
42N,125W,1993,28,-8,-21,-56,-80,-17,53,35,36,5,48,-18
42N,125W,1994,27,-3,-3,-1,-4,-5,63,2,0,21,32,-43
42N,125W,1995,-265,19,-33,-18,40,-28,-50,7,-17,18,3,-86
42N,125W,1996,22,-56,-2,-52,7,74,64,35,22,10,35,-49
42N,125W,1997,15,35,1,-15,-69,10,45,-66,-28,6,-42,25
42N,125W,1998,-131,-207,-1,-7,-46,107,43,152,94,2,-61,51
42N,125W,1999,-26,-189,-26,101,78,74,75,39,123,7,-81,36
42N,125W,2000,-17,-96,6,-27,-33,89,62,128,20,8,32,0
42N,125W,2001,13,6,22,3,107,84,256,46,57,56,-25,-61
42N,125W,2002,33,10,-1,51,20,93,139,161,58,60,-47,-204
42N,125W,2003,-148,36,-28,-34,55,139,202,120,54,5,1,-178
42N,125W,2004,-105,-71,9,-21,4,26,-22,-37,38,15,72,53
42N,125W,2005,12,39,-3,-17,-67,-21,42,91,97,12,50,-31
42N,125W,2006,-19,37,-65,-25,24,50,112,102,42,87,8,33
42N,125W,2007,116,16,35,16,73,-15,-86,-23,17,4,63,46
42N,125W,2008,60,35,34,23,31,47,-23,-14,20,15,36,59
42N,125W,2009,75,1,24,49,-23,-30,-33,-30,-9,7,14,9
42N,125W,2010,-202,-44,-10,-11,-38,-5,85,34,-19,0,40,-87
42N,125W,2011,67,30,-137,-11,-39,-3,42,62,-1,9,26,87
42N,125W,2012,48,25,-61,-38,43,-30,110,67,100,0,-30,7
42N,125W,2013,71,59,7,53,-20,-1,258,-20,-16,60,43,127
42N,125W,2014,67,2,-8,-11,-1,165,122,101,7,-13,24,-25
42N,125W,2015,66,24,1,39,130,147,1,5,74,9,44,-60
42N,125W,2016,-173,-9,-39,-2,81,67,109,97,94,-70,-67,63
42N,125W,2017,27,-21,-26,-39,60,21,157,82,31,39,-32,59
42N,125W,2018,-5,106,-8,-24,83,78,81,66,56,15,42,11
42N,125W,2019,6,33,-3,23,24,135,19,2,25,30,82,5
42N,125W,2020,-22,120,32,31,-58,28,90,74,-33,84,36,31
42N,125W,2021,20,41,1,69,116,2,194,,,,,
999,9,,,,,,,,,,,,,
45N,125W,1946,32,-52,3,-14,-7,-46,-49,10,-15,22,50,74
45N,125W,1947,65,17,8,-9,3,-40,-70,22,2,-61,77,25
45N,125W,1948,64,34,8,-28,-34,-5,-44,-27,-14,17,33,56
45N,125W,1949,95,-14,11,-12,-27,9,-12,-43,-9,23,-138,43
45N,125W,1950,78,-119,-34,-13,15,-16,-3,-35,-2,-34,2,-75
45N,125W,1951,29,8,13,25,-18,57,-14,48,-10,4,-64,74
45N,125W,1952,-41,17,16,-11,-16,-17,8,0,-1,19,10,-180
45N,125W,1953,-141,46,-2,-12,-32,-24,-7,-40,2,11,-73,48
45N,125W,1954,37,-54,17,-5,-6,-44,-37,-13,-9,-27,-67,-71
45N,125W,1955,50,45,16,-9,33,12,-6,48,21,9,30,14
45N,125W,1956,-56,32,-7,48,23,-29,18,12,-11,15,54,33
45N,125W,1957,78,35,-13,4,-24,-13,-8,-15,-11,19,59,-32
45N,125W,1958,-177,-115,11,-10,4,1,50,13,-9,12,48,-27
45N,125W,1959,9,31,6,12,-1,-18,28,40,-13,20,60,37
45N,125W,1960,-9,20,-1,-34,-45,17,-18,-9,10,-19,-13,6
45N,125W,1961,-159,-87,-76,2,-33,-27,-23,-17,26,22,20,54
45N,125W,1962,73,27,9,-16,8,-19,33,-29,-5,1,-39,-6
45N,125W,1963,107,-74,12,-18,-26,24,-36,-15,-21,-41,19,1
45N,125W,1964,-24,60,17,48,11,-16,-23,-10,16,-1,26,-2
45N,125W,1965,5,44,25,-4,50,55,25,-2,59,-13,-48,33
45N,125W,1966,-12,20,-35,34,67,-28,6,60,-10,19,31,-66
45N,125W,1967,-2,38,0,2,54,87,60,43,-1,-54,60,56
45N,125W,1968,-8,-99,-32,38,-1,11,30,-29,2,-19,-47,-2
45N,125W,1969,49,-46,13,-30,-21,13,32,-4,-10,6,21,-64
45N,125W,1970,-4,-24,16,16,-1,-2,-3,23,-5,13,20,-13
45N,125W,1971,62,31,-34,-11,32,-35,-9,-26,-8,21,34,66
45N,125W,1972,75,-56,-10,-10,0,7,-22,6,3,54,10,25
45N,125W,1973,-17,4,14,34,-9,-21,2,53,-13,17,28,-36
45N,125W,1974,58,-4,-22,-7,-8,32,-38,22,0,26,28,18
45N,125W,1975,61,-30,14,26,-8,50,-6,-10,22,-28,-5,49
45N,125W,1976,53,17,5,-9,-13,8,-51,-33,-2,20,43,46
45N,125W,1977,54,-62,23,-8,-25,23,-1,-9,-9,13,7,-7
45N,125W,1978,-51,-41,14,-10,-6,-14,18,-37,-21,25,70,89
45N,125W,1979,27,-56,15,-3,0,38,-44,-19,-16,12,-53,-64
45N,125W,1980,75,-108,16,-16,18,-16,29,46,-7,1,-47,-20
45N,125W,1981,-112,-21,1,-9,-22,-40,33,-10,-17,15,-29,-13
45N,125W,1982,63,-25,10,-11,45,11,-23,-12,-4,-20,22,-5
45N,125W,1983,-108,-169,-80,-6,1,-29,-56,-15,9,19,-92,41
45N,125W,1984,65,-84,-18,-17,-36,-11,47,-13,-13,-1,-64,79
45N,125W,1985,31,45,10,-4,-19,4,9,-4,-4,11,71,-29
45N,125W,1986,-207,-8,-21,4,-33,-23,-8,34,-6,13,58,-56
45N,125W,1987,-53,12,-23,-10,-11,-5,-39,49,1,24,-16,23
45N,125W,1988,-31,41,6,-9,-40,-34,-8,21,1,20,-18,73
45N,125W,1989,78,32,-44,-8,-8,-5,-26,12,12,19,62,71
45N,125W,1990,47,21,11,2,-25,-33,29,-25,18,15,36,84
45N,125W,1991,60,-34,16,-2,17,11,6,-24,42,34,24,37
45N,125W,1992,-76,-81,19,-20,32,13,7,16,-3,16,32,60
45N,125W,1993,39,-3,-20,-73,-38,-24,-9,15,25,21,71,-4
45N,125W,1994,50,-3,8,-5,-12,-20,44,-13,1,21,38,-56
45N,125W,1995,-198,35,-22,-7,35,-17,-11,-18,-11,20,-4,-68
45N,125W,1996,49,-33,15,-62,0,21,74,20,17,19,56,2
45N,125W,1997,38,45,-26,-11,-33,-39,-16,-46,-19,7,-25,35
45N,125W,1998,-90,-129,14,0,-14,41,-14,50,45,6,-86,40
45N,125W,1999,-61,-283,-51,22,-3,-19,13,-1,59,17,-51,34
45N,125W,2000,21,-30,2,-9,-27,7,-18,19,-6,16,35,12
45N,125W,2001,12,29,15,-9,11,-11,61,-31,12,22,-45,-68
45N,125W,2002,7,19,9,8,-20,-18,29,40,8,33,-41,-128
45N,125W,2003,-114,47,-67,-27,-7,31,19,24,12,4,40,-112
45N,125W,2004,-63,-51,10,-9,-18,-6,-21,-29,1,22,74,78
45N,125W,2005,18,51,7,-19,-36,-25,-1,42,37,-4,62,8
45N,125W,2006,-64,47,-52,-9,-5,14,27,64,20,59,-45,24
45N,125W,2007,92,-1,7,-9,18,-35,-60,-19,9,11,72,32
45N,125W,2008,69,36,6,0,0,-4,-25,-31,15,20,35,74
45N,125W,2009,91,29,11,16,-21,-14,-12,-24,-15,12,-40,29
45N,125W,2010,-164,-45,-14,-9,-26,-22,45,1,-17,8,40,-79
45N,125W,2011,76,37,-142,-10,-26,-24,-15,13,-14,19,34,95
45N,125W,2012,31,3,-59,-25,-10,-42,22,8,50,10,-19,10
45N,125W,2013,91,43,12,7,-28,-34,112,-33,-18,33,63,98
45N,125W,2014,76,-15,-18,-12,-25,12,26,30,-11,-16,20,8
45N,125W,2015,62,27,8,-2,52,73,0,-5,5,17,63,-68
45N,125W,2016,-167,-65,-70,-7,35,9,-6,39,12,-99,-82,85
45N,125W,2017,11,3,-40,-40,-5,-18,33,37,6,22,-55,72
45N,125W,2018,-68,64,7,-17,25,-15,17,18,-4,20,52,-19
45N,125W,2019,2,47,4,-3,17,28,-42,-22,-9,20,77,30
45N,125W,2020,-93,56,21,7,-34,-19,0,-8,-18,30,30,-3
45N,125W,2021,2,33,10,21,9,-28,55,,,,,
999,9,,,,,,,,,,,,,
48N,125W,1946,27,-36,2,-13,-6,-26,-27,5,-5,37,39,77
48N,125W,1947,61,7,12,0,3,-19,-35,6,0,-57,87,22
48N,125W,1948,23,37,13,-7,-21,0,-20,-11,-6,25,40,39
48N,125W,1949,88,15,8,-15,-18,-2,-16,-23,-7,37,-131,80
48N,125W,1950,73,-154,-19,-24,0,-17,-22,-21,-4,-35,-3,-40
48N,125W,1951,22,-1,13,8,-16,26,-22,15,-6,9,-77,82
48N,125W,1952,-72,12,14,-35,-16,-15,-2,-8,-5,26,-16,-193
48N,125W,1953,-18,34,-9,-9,-24,-21,-24,-22,-4,-12,-102,68
48N,125W,1954,45,-38,18,3,-14,-27,-28,-6,-4,-46,-45,-66
48N,125W,1955,41,46,23,-5,19,5,-14,17,7,7,20,4
48N,125W,1956,-80,25,-7,28,14,-18,16,9,-2,25,42,29
48N,125W,1957,33,29,-16,8,-9,-3,-5,-13,-4,26,53,-14
48N,125W,1958,-150,-101,11,-3,8,19,56,14,-3,8,53,-57
48N,125W,1959,4,17,-4,10,1,-15,8,21,-4,35,54,-9
48N,125W,1960,-37,15,-8,-36,-29,14,-6,-1,3,-17,3,-11
48N,125W,1961,-164,-59,-70,14,-17,-20,-2,-9,19,35,22,55
48N,125W,1962,48,27,15,-16,9,-13,20,-15,-2,4,-33,-6
48N,125W,1963,91,-54,20,-3,-15,18,-10,-3,-13,-67,14,0
48N,125W,1964,11,58,26,39,17,-3,-16,-7,3,11,43,15
48N,125W,1965,26,43,17,0,36,33,28,7,32,-38,-29,33
48N,125W,1966,-11,22,-49,32,34,-14,21,27,-4,30,44,-66
48N,125W,1967,23,20,9,10,33,60,36,36,-1,-58,56,49
48N,125W,1968,-17,-128,-34,30,0,5,19,-4,4,-37,-44,13
48N,125W,1969,29,-69,15,-41,-9,32,28,-4,-7,12,-11,-96
48N,125W,1970,-1,-26,19,23,0,8,9,14,-3,14,25,-6
48N,125W,1971,64,29,-34,-14,24,-19,5,-7,-3,32,32,80
48N,125W,1972,82,-36,-11,-5,-7,2,-19,5,4,44,4,34
48N,125W,1973,-61,-9,14,23,-9,-14,-2,32,-4,28,62,-4
48N,125W,1974,59,1,-10,-3,-6,13,-15,15,0,38,38,20
48N,125W,1975,66,-43,17,17,-3,34,11,-8,6,-21,-16,52
48N,125W,1976,27,12,-3,-3,-12,6,-29,-13,-3,33,51,47
48N,125W,1977,45,-52,32,-2,-9,14,8,2,-2,9,23,37
48N,125W,1978,-39,-64,17,-3,-1,3,24,-19,-20,39,72,90
48N,125W,1979,17,-35,19,10,6,58,-9,13,-6,23,-99,-40
48N,125W,1980,22,-171,24,-15,23,7,29,46,1,0,-57,-13
48N,125W,1981,-161,-29,5,-1,-10,-20,46,2,-10,29,-35,-2
48N,125W,1982,66,-26,20,0,41,49,2,16,3,-5,32,4
48N,125W,1983,-75,-150,-42,5,27,-1,-16,4,8,36,-39,-26
48N,125W,1984,48,-96,-8,-14,-19,8,38,5,-4,18,-33,72
48N,125W,1985,-17,27,12,7,2,24,45,17,8,18,69,-55
48N,125W,1986,-237,-22,-31,6,-16,1,23,62,5,22,63,-94
48N,125W,1987,-113,-19,-15,-6,4,12,5,46,5,38,-14,-15
48N,125W,1988,-62,31,9,1,-24,-13,20,33,11,34,-2,56
48N,125W,1989,63,-20,-51,0,16,6,-3,26,17,27,68,57
48N,125W,1990,55,22,9,7,-4,-13,27,-7,12,17,59,84
48N,125W,1991,45,-35,20,2,9,6,-7,-13,13,40,6,30
48N,125W,1992,-81,-78,21,-8,12,17,18,6,4,26,35,54
48N,125W,1993,-12,-35,-18,-55,-20,-2,4,4,16,37,75,1
48N,125W,1994,52,-8,6,-1,-11,-14,24,-12,-1,32,54,-53
48N,125W,1995,-224,16,-37,-2,11,-16,3,-10,-4,24,15,-80
48N,125W,1996,49,-44,15,-61,-4,-7,29,4,4,24,58,38
48N,125W,1997,35,38,-35,-3,-18,-24,-9,-19,-9,14,-52,-3
48N,125W,1998,-95,-141,13,3,-3,35,-10,18,20,-4,-48,41
48N,125W,1999,-55,-232,-75,7,0,-14,10,-2,18,26,-30,43
48N,125W,2000,28,-55,-10,-5,-14,-2,-9,11,-3,20,28,-7
48N,125W,2001,-36,5,11,-2,-1,0,35,-20,0,30,-58,-30
48N,125W,2002,21,1,15,9,-7,-8,15,18,0,39,-50,-119
48N,125W,2003,-144,44,-46,-14,-10,11,-4,7,-1,4,65,-128
48N,125W,2004,-32,-63,4,0,-3,-7,-4,-13,0,37,74,79
48N,125W,2005,16,47,13,-13,-21,-9,-4,18,20,-11,63,24
48N,125W,2006,-21,45,-26,0,-1,8,21,55,14,57,12,18
48N,125W,2007,73,5,1,-7,15,-18,-22,-4,9,16,72,58
48N,125W,2008,61,34,9,6,-1,4,-5,-14,3,34,40,88
48N,125W,2009,79,33,18,14,-8,-2,-2,-9,-4,26,-21,20
48N,125W,2010,-168,-63,-22,1,-5,-8,26,-6,-10,-3,49,-59
48N,125W,2011,68,36,-103,1,-12,-8,-18,-5,-9,30,39,96
48N,125W,2012,13,-3,-36,-15,-6,-23,6,-11,14,25,-1,47
48N,125W,2013,84,33,15,17,-16,-21,50,-20,-7,40,78,98
48N,125W,2014,73,-24,-13,-14,-15,-2,1,13,-4,-23,38,12
48N,125W,2015,41,21,3,-1,28,30,2,-6,-2,20,78,-43
48N,125W,2016,-111,-78,-70,-2,21,-2,-8,12,0,-73,-98,77
48N,125W,2017,-29,8,-41,-37,-7,-15,6,10,-1,35,-49,72
48N,125W,2018,-95,56,13,-14,12,-16,9,13,-4,30,39,-29
48N,125W,2019,-32,35,0,1,12,10,-24,-14,-4,31,79,13
48N,125W,2020,-64,44,20,4,-19,-15,-9,-14,-9,40,30,-7
48N,125W,2021,-30,37,-2,10,0,-21,17,,,,,
999,9,,,,,,,,,,,,,
51N,131W,1946,16,-61,9,-11,-3,-15,-15,0,-7,54,45,70
51N,131W,1947,76,-25,5,0,-2,-12,-17,32,10,-28,52,34
51N,131W,1948,21,38,14,7,-11,16,-5,12,5,22,74,62
51N,131W,1949,64,33,1,-52,-4,11,-5,-16,0,28,-96,60
51N,131W,1950,64,-86,-4,-41,0,-13,-13,-23,-4,8,18,-35
51N,131W,1951,6,28,10,7,-3,50,-5,7,0,17,-17,52
51N,131W,1952,25,10,33,-53,-7,-7,7,8,-1,9,6,-117
51N,131W,1953,-6,12,-9,-17,-10,-10,-12,-11,7,-45,-36,39
51N,131W,1954,50,-4,15,12,-9,-32,-20,19,5,-29,-130,19
51N,131W,1955,29,56,27,10,9,-6,0,0,6,5,-45,-19
51N,131W,1956,-152,35,-6,9,1,-16,-6,-6,9,38,14,12
51N,131W,1957,50,35,-27,7,-6,-16,-2,-10,2,27,2,10
51N,131W,1958,-174,-173,11,4,-2,33,55,-12,7,-1,21,-93
51N,131W,1959,-47,25,-15,14,2,-21,-7,16,1,24,9,-26
51N,131W,1960,-1,11,-35,-27,-13,7,-17,22,7,-3,10,-5
51N,131W,1961,-131,-48,-42,32,-9,-25,7,-3,29,56,28,60
51N,131W,1962,55,32,12,-34,19,-10,8,3,5,19,-6,-56
51N,131W,1963,72,-129,28,8,-8,33,10,8,-67,-111,-6,-66
51N,131W,1964,20,65,35,51,15,-13,-16,-3,21,-18,34,31
51N,131W,1965,25,50,15,2,29,-10,-7,4,72,-70,29,45
51N,131W,1966,-5,27,-74,22,1,-25,31,2,-38,26,48,-21
51N,131W,1967,41,-14,20,35,-1,60,-8,-11,-66,-8,47,40
51N,131W,1968,65,-100,-54,18,-2,-14,-6,1,8,-12,-60,37
51N,131W,1969,57,-9,4,-66,-6,16,7,-4,-6,-11,-21,-168
51N,131W,1970,14,-48,-2,41,-16,-5,-7,-4,12,36,26,40
51N,131W,1971,62,13,-28,-20,7,-13,12,-27,13,41,21,62
51N,131W,1972,66,-23,-12,8,-2,-9,1,-8,41,49,-33,50
51N,131W,1973,-11,-14,10,10,-24,-30,-11,28,-3,21,60,-24
51N,131W,1974,69,-1,7,-4,-7,-8,-8,32,6,5,16,-5
51N,131W,1975,55,-36,15,22,-5,23,-10,-5,10,16,23,27
51N,131W,1976,-17,37,-3,-28,-25,5,-39,-8,-9,34,-10,9
51N,131W,1977,24,-116,48,-1,5,-5,-6,15,19,-39,21,29
51N,131W,1978,-63,-93,-8,3,2,38,33,-14,-29,27,56,78
51N,131W,1979,32,14,8,13,-7,0,-16,2,-19,-13,-29,0
51N,131W,1980,52,-74,28,-110,3,9,3,58,20,-41,-19,17
51N,131W,1981,-245,27,-64,1,-20,-29,52,-9,-40,39,-28,12
51N,131W,1982,69,23,13,1,5,10,-8,-1,12,33,47,6
51N,131W,1983,-127,-120,-30,5,1,-21,-16,-13,10,18,9,10
51N,131W,1984,6,-76,-71,-45,-29,-18,-9,-14,-15,8,17,59
51N,131W,1985,-58,40,8,1,-1,-13,-3,1,28,38,58,-51
51N,131W,1986,-149,-15,-111,-5,-25,-13,4,19,30,-14,50,-57
51N,131W,1987,-25,-7,0,-65,-8,-15,6,28,3,35,-14,26
51N,131W,1988,-1,6,-21,3,-30,-24,-13,6,9,16,-6,50
51N,131W,1989,63,25,-37,4,5,-7,-16,12,21,18,38,-2
51N,131W,1990,56,38,-57,1,0,-14,15,-12,8,21,70,82
51N,131W,1991,32,-57,20,-3,11,5,-12,-7,6,42,-30,-4
51N,131W,1992,-71,-71,10,-14,3,-2,37,-1,14,-85,14,55
51N,131W,1993,39,-41,-39,-92,-14,-11,30,32,60,31,60,-58
51N,131W,1994,12,27,-3,-11,-10,-14,9,-3,-1,34,97,-6
51N,131W,1995,-140,22,-11,-9,13,-15,27,-2,-1,27,9,-49
51N,131W,1996,55,9,4,-77,2,-16,29,-6,8,26,22,35
51N,131W,1997,-34,-14,-20,-25,-6,-28,-18,-9,-10,32,-13,-19
51N,131W,1998,-53,-147,-13,-6,15,87,4,-6,12,-7,15,34
51N,131W,1999,-9,-82,-15,-3,-6,-20,27,-11,21,23,-39,39
51N,131W,2000,46,12,-72,-13,-3,-8,-2,18,13,32,12,-8
51N,131W,2001,-100,32,-8,1,-19,-19,12,-36,-16,43,-14,-2
51N,131W,2002,47,12,13,22,-7,-17,-1,9,12,36,-89,-105
51N,131W,2003,-179,38,-29,3,-8,-5,-14,-8,-5,-7,69,-65
51N,131W,2004,-12,-49,-11,-10,15,-7,0,-10,13,43,52,44
51N,131W,2005,36,33,1,-5,-13,0,-2,11,34,-20,25,-59
51N,131W,2006,-13,35,-2,-6,-9,-4,2,39,11,58,37,-88
51N,131W,2007,61,-14,-21,-48,-5,-29,-22,-1,34,3,18,46
51N,131W,2008,54,-7,-16,10,4,-8,-11,-11,5,16,-11,61
51N,131W,2009,36,28,12,14,-4,6,31,-3,-24,17,-17,-29
51N,131W,2010,-223,-150,-97,-7,-1,-18,88,40,-13,-58,24,-54
51N,131W,2011,34,42,-94,9,-13,-5,-9,-8,-46,-4,45,45
51N,131W,2012,-8,0,-38,-49,-12,-21,2,-4,11,40,-50,39
51N,131W,2013,36,9,13,24,-1,-17,41,-20,2,44,51,59
51N,131W,2014,28,1,-45,-41,-5,-5,-9,2,3,-43,39,-13
51N,131W,2015,-50,9,-16,-21,59,-3,18,0,9,7,61,22
51N,131W,2016,-140,-146,-46,-15,28,-2,-2,50,9,9,-81,59
51N,131W,2017,25,36,-27,-24,3,-21,-16,2,8,54,32,19
51N,131W,2018,-73,70,11,-5,1,-15,54,22,5,23,28,7
51N,131W,2019,9,70,-5,-1,41,0,-14,-6,8,38,42,-17
51N,131W,2020,17,46,30,8,-33,-16,-4,-21,-2,44,48,-80
51N,131W,2021,-56,42,6,21,0,-15,-4,,,,,
999,9,,,,,,,,,,,,,
54N,134W,1946,40,-93,-22,-48,8,-1,-14,1,-21,76,81,60
54N,134W,1947,77,-48,-7,-20,0,-10,-3,19,8,-51,27,20
54N,134W,1948,10,57,16,28,-7,8,-2,15,-3,-16,9,58
54N,134W,1949,58,51,8,-84,9,-4,-6,-3,5,16,-74,86
54N,134W,1950,106,-134,-13,-54,-33,-4,-21,-15,-3,24,14,-8
54N,134W,1951,-19,58,2,8,7,27,2,6,0,38,0,84
54N,134W,1952,22,-17,21,-42,-7,-3,9,4,-11,22,11,-136
54N,134W,1953,-42,-40,-23,-17,7,2,-4,-1,7,-82,8,-41
54N,134W,1954,49,14,27,11,0,-28,-11,20,19,-1,-98,16
54N,134W,1955,17,53,16,16,-10,-1,6,-11,15,-8,-45,-12
54N,134W,1956,-136,43,-10,6,1,-7,-1,-14,28,38,-61,5
54N,134W,1957,89,47,-22,12,2,-10,-1,1,14,56,-2,20
54N,134W,1958,-96,-125,29,18,6,30,15,-28,17,-6,-18,-84
54N,134W,1959,-77,47,-66,14,8,-10,-9,4,11,45,-16,-64
54N,134W,1960,33,32,-56,-10,-2,-5,-15,7,9,-12,-3,-16
54N,134W,1961,-107,-93,-36,15,2,-40,2,-2,30,38,50,51
54N,134W,1962,56,67,18,-53,12,-1,-1,4,2,15,-65,-19
54N,134W,1963,86,-97,33,21,-2,12,10,17,-86,-118,14,-86
54N,134W,1964,-3,12,20,20,16,-1,-7,-5,22,-4,29,40
54N,134W,1965,-33,14,25,16,15,-5,-3,16,54,-95,74,52
54N,134W,1966,-33,57,-33,28,-15,-5,39,-1,-64,22,85,10
54N,134W,1967,27,-44,37,49,-1,35,-5,-9,-70,26,79,52
54N,134W,1968,97,-132,-54,-22,10,-10,-7,-1,-23,20,-85,35
54N,134W,1969,70,2,0,-68,-1,7,-14,-12,1,-38,-49,-201
54N,134W,1970,15,-41,-18,11,-38,-5,-10,-5,12,63,44,42
54N,134W,1971,57,-10,-26,-22,1,-1,16,-18,15,61,36,83
54N,134W,1972,81,-15,-7,3,8,-4,0,-11,35,71,20,65
54N,134W,1973,39,6,10,-3,-44,-24,-4,10,8,8,93,-49
54N,134W,1974,89,-39,17,-8,-3,-9,0,18,10,-55,-13,-37
54N,134W,1975,28,-54,14,13,-7,2,-10,-3,7,33,40,5
54N,134W,1976,-62,50,-13,-35,-45,4,-29,-6,-33,43,-65,6
54N,134W,1977,-3,-168,17,-11,10,-10,-12,8,25,-81,62,54
54N,134W,1978,-48,-95,-24,15,-14,25,4,-8,-20,-11,77,65
54N,134W,1979,34,20,0,24,-16,-3,-19,8,-30,-40,-6,22
54N,134W,1980,46,-63,1,-170,8,15,-10,21,16,-109,-46,33
54N,134W,1981,-273,47,-78,9,-14,-13,22,-6,-54,64,-38,14
54N,134W,1982,55,43,21,-21,-2,10,0,5,16,35,65,-36
54N,134W,1983,-159,-108,-30,19,0,-6,-7,-21,17,22,32,28
54N,134W,1984,3,-85,-89,-37,-10,-11,-16,-9,-38,35,37,67
54N,134W,1985,-91,23,-8,-27,7,-15,4,3,35,50,88,-106
54N,134W,1986,-208,-39,-105,-30,-24,-4,1,0,31,-3,47,-106
54N,134W,1987,-40,-23,1,-139,-35,-47,11,7,-18,10,-66,17
54N,134W,1988,19,-48,-77,-4,-25,-29,-17,-4,-2,13,-23,41
54N,134W,1989,19,74,-37,12,11,0,-3,8,24,29,24,-24
54N,134W,1990,67,38,-69,13,14,-1,2,-4,1,38,65,85
54N,134W,1991,50,-55,30,-35,6,3,-6,-10,-15,62,-45,-47
54N,134W,1992,-122,-38,13,-4,5,2,8,-1,-2,14,6,77
54N,134W,1993,74,-8,-57,-60,8,-1,19,17,48,35,65,-77
54N,134W,1994,11,39,-38,-12,-18,-4,-1,8,-31,6,75,-7
54N,134W,1995,-65,38,6,-21,9,-9,10,2,-3,6,8,-50
54N,134W,1996,70,36,15,-46,13,-16,4,-12,6,38,11,44
54N,134W,1997,-24,-27,-18,-33,9,-6,-28,2,6,49,24,-48
54N,134W,1998,-36,-158,-14,-30,15,57,-1,-13,8,-1,47,32
54N,134W,1999,-32,-40,-10,-38,-50,-21,10,-17,-17,-20,-73,-5
54N,134W,2000,43,38,-110,-13,3,-2,-3,5,12,21,13,2
54N,134W,2001,-171,58,-42,-7,-65,-16,1,-25,-91,23,-13,-5
54N,134W,2002,58,10,24,27,-7,-15,-11,-5,13,34,-77,-54
54N,134W,2003,-112,55,-15,11,-7,-4,-4,-2,-31,11,93,-59
54N,134W,2004,27,-71,-10,-16,18,0,-2,-1,12,51,47,34
54N,134W,2005,68,39,-3,-1,-1,4,-11,-2,17,-22,-19,-100
54N,134W,2006,31,57,9,-25,-16,-4,1,0,-11,68,52,-196
54N,134W,2007,38,20,-61,-79,-18,-7,-22,3,25,14,27,46
54N,134W,2008,60,-62,-38,9,7,-11,-22,-8,6,-29,21,88
54N,134W,2009,-7,63,-6,18,5,8,18,-13,-38,29,-54,10
54N,134W,2010,-191,-128,-127,-3,9,-27,18,20,5,-41,32,-2
54N,134W,2011,56,65,-27,3,-1,3,-12,-19,-68,-3,69,12
54N,134W,2012,-20,-13,-29,-43,-39,-6,-2,-2,-6,83,-47,41
54N,134W,2013,12,-49,26,13,10,-2,17,-5,-5,62,75,57
54N,134W,2014,5,39,-37,-22,10,-3,-7,-8,15,-4,73,1
54N,134W,2015,-53,32,-16,-40,39,-1,1,0,6,34,62,22
54N,134W,2016,-143,-107,-54,-29,16,-4,-4,17,16,52,-72,68
54N,134W,2017,68,70,-9,-6,8,-31,-18,-11,18,71,76,0
54N,134W,2018,-46,73,27,3,1,-4,41,8,24,5,26,-22
54N,134W,2019,59,92,-2,-20,27,0,-1,11,21,61,30,-54
54N,134W,2020,61,9,36,10,-28,-8,-9,-52,17,65,63,-143
54N,134W,2021,-68,33,5,13,-3,-6,-2,,,,,
999,9,,,,,,,,,,,,,
57N,137W,1946,132,-79,-1,-52,5,0,-8,-1,-10,67,88,101
57N,137W,1947,183,-81,-12,-14,-7,-7,-1,8,-5,-59,50,31
57N,137W,1948,112,29,24,25,-4,2,0,13,-7,-33,25,94
57N,137W,1949,148,5,12,-31,8,-7,-2,2,-8,33,-19,86
57N,137W,1950,164,-246,-22,-70,-25,-3,-13,-8,1,5,-97,17
57N,137W,1951,-48,76,-23,6,7,15,1,6,-11,11,-6,119
57N,137W,1952,-84,-9,30,-29,-5,-1,5,5,-3,16,15,-144
57N,137W,1953,-111,-8,-2,-25,8,1,-1,1,8,-51,11,28
57N,137W,1954,22,33,44,4,3,-11,-7,12,18,-7,-17,47
57N,137W,1955,98,79,21,8,-18,0,6,-11,10,-9,-99,-110
57N,137W,1956,-173,51,-17,2,-7,-1,1,-17,27,39,-29,-27
57N,137W,1957,161,49,-26,7,-3,0,1,5,7,36,38,37
57N,137W,1958,-28,-222,38,17,4,18,3,-32,22,-17,-11,-88
57N,137W,1959,-245,65,-45,15,8,-3,-6,4,11,24,8,2
57N,137W,1960,108,41,-96,-2,2,-3,-14,4,0,-6,21,11
57N,137W,1961,-29,-78,-39,19,-1,-31,-1,-2,29,63,47,53
57N,137W,1962,78,88,23,-36,10,0,-1,7,-7,-6,-49,8
57N,137W,1963,183,-97,45,22,-6,8,8,16,-60,-80,-12,-84
57N,137W,1964,27,47,19,16,10,1,-3,0,24,14,2,-58
57N,137W,1965,-104,24,28,6,12,-9,-2,15,42,-88,10,77
57N,137W,1966,-237,85,-47,25,-2,1,30,-9,-58,20,34,-91
57N,137W,1967,-37,-20,28,28,9,20,-1,-3,-49,46,120,29
57N,137W,1968,122,-180,-52,-18,10,-3,-5,-2,-35,1,-70,-94
57N,137W,1969,-39,-59,4,-55,-1,5,-7,0,-5,-75,-23,-178
57N,137W,1970,12,-17,-11,15,-15,-4,-13,-9,15,54,-1,1
57N,137W,1971,-29,35,-10,-25,-18,0,7,-9,13,52,37,89
57N,137W,1972,114,-141,-24,-2,6,0,0,-12,28,60,41,32
57N,137W,1973,108,-5,25,-8,-37,-4,-1,8,8,2,43,-50
57N,137W,1974,83,-36,-4,-16,7,-2,5,11,1,-57,2,52
57N,137W,1975,108,-122,13,7,-7,1,-6,3,-5,26,35,5
57N,137W,1976,11,67,16,-30,-24,6,-7,-2,-52,30,-97,31
57N,137W,1977,65,-102,29,-11,14,0,-4,7,23,-83,81,-3
57N,137W,1978,-72,-141,-42,17,-13,23,0,2,-16,-7,80,99
57N,137W,1979,31,-195,5,25,-13,-1,-15,7,-31,-56,34,83
57N,137W,1980,0,-90,0,-148,7,11,-3,9,7,-84,-27,-81
57N,137W,1981,-123,73,-50,13,-5,-1,8,-19,-33,48,-12,-16
57N,137W,1982,-104,-48,18,-49,-7,3,0,6,10,24,36,-66
57N,137W,1983,-112,-113,-57,17,-3,-1,-2,-22,11,3,-22,-29
57N,137W,1984,95,-59,-58,-21,5,-4,-21,-2,-47,8,25,48
57N,137W,1985,16,55,-16,-23,4,-14,7,6,30,47,26,-68
57N,137W,1986,-136,-68,-48,-21,-12,-5,2,-5,29,-6,6,-56
57N,137W,1987,15,-34,-36,-114,-27,-58,9,6,-44,-17,-48,68
57N,137W,1988,62,-51,-63,-16,-18,-21,-7,-16,-6,1,-1,38
57N,137W,1989,143,60,-78,2,11,-1,2,7,18,11,69,2
57N,137W,1990,145,46,-82,11,15,0,0,-1,-10,37,72,134
57N,137W,1991,118,1,48,-35,4,5,-2,-22,-26,35,-41,8
57N,137W,1992,-23,-49,11,-4,5,2,0,-7,14,-2,21,77
57N,137W,1993,159,0,-35,-32,10,2,9,7,42,34,103,16
57N,137W,1994,9,-84,-25,-1,-15,-2,-1,8,-32,-19,90,-25
57N,137W,1995,0,36,-11,-35,7,-5,6,4,-15,14,-84,-138
57N,137W,1996,11,45,13,-45,14,-4,3,-6,4,8,-56,18
57N,137W,1997,6,-1,-17,-19,11,0,-14,6,0,38,15,7
57N,137W,1998,-126,-222,-22,-36,15,39,-3,-12,-2,2,36,55
57N,137W,1999,-91,-53,-26,-31,-42,-4,4,-20,-53,-12,-54,19
57N,137W,2000,63,36,-126,-51,1,-5,-1,5,3,-30,19,9
57N,137W,2001,-105,51,-67,-21,-63,-3,2,-3,-73,26,-26,7
57N,137W,2002,102,4,22,26,-7,-10,-9,2,15,21,-68,6
57N,137W,2003,-22,52,-24,-2,-11,-4,-2,2,-35,22,119,-14
57N,137W,2004,103,-49,10,-21,18,1,1,2,4,48,66,36
57N,137W,2005,133,47,-28,-15,-1,1,-5,3,14,-37,-44,-59
57N,137W,2006,52,90,-26,-29,-8,-2,11,0,-3,68,-43,-103
57N,137W,2007,137,3,-127,-79,-14,0,-4,6,14,4,37,52
57N,137W,2008,120,-100,-65,11,1,-1,-6,-3,-4,-34,9,103
57N,137W,2009,52,94,-69,12,6,9,15,-4,-20,9,15,75
57N,137W,2010,-102,-20,-91,-6,9,-24,-4,8,3,-36,42,61
57N,137W,2011,174,104,-13,4,6,6,-6,-26,-52,17,93,85
57N,137W,2012,119,8,12,-1,-51,-3,-3,-2,-35,72,-49,78
57N,137W,2013,133,-3,25,12,6,0,5,-2,-41,51,95,128
57N,137W,2014,109,64,-16,-1,10,-13,-8,-23,6,0,88,73
57N,137W,2015,68,32,-2,-41,24,-5,-5,0,1,10,87,42
57N,137W,2016,-29,-80,-49,-47,10,-5,-3,2,12,27,-65,93
57N,137W,2017,163,106,-52,-10,2,-21,-7,-19,8,58,31,47
57N,137W,2018,13,113,36,-11,-13,0,23,4,28,-38,33,46
57N,137W,2019,182,116,21,-2,24,9,5,15,28,65,89,29
57N,137W,2020,171,75,54,20,2,4,-1,-13,23,71,123,60
57N,137W,2021,121,99,45,22,9,1,7,,,,,
999,9,,,,,,,,,,,,,
60N,146W,1946,129,11,33,-7,-3,-5,-5,0,-14,37,17,49
60N,146W,1947,128,-46,23,-7,-4,-7,1,1,4,-23,58,83
60N,146W,1948,129,5,17,5,-2,0,5,2,6,6,21,86
60N,146W,1949,153,-12,30,-3,2,0,-3,-3,-4,17,13,50
60N,146W,1950,133,-309,-2,-30,-7,-6,-6,-7,-3,2,-94,17
60N,146W,1951,-5,72,-35,5,0,1,-3,-1,-8,-12,16,93
60N,146W,1952,-88,5,26,-5,0,-4,2,-4,-6,4,25,-53
60N,146W,1953,-166,34,5,-9,2,-5,-5,2,1,-37,-24,38
60N,146W,1954,-29,12,41,-16,-5,-8,-4,3,7,-13,33,21
60N,146W,1955,104,54,31,8,-7,4,0,1,3,14,-82,-54
60N,146W,1956,-138,46,-15,1,-1,-3,-1,-3,9,16,61,-118
60N,146W,1957,142,36,0,0,-11,-5,-1,-2,-6,-2,35,61
60N,146W,1958,42,-190,26,6,3,4,-1,-13,8,-13,38,-73
60N,146W,1959,-290,74,-15,3,-1,-6,3,-1,2,-9,-5,73
60N,146W,1960,105,36,-98,-8,-1,-6,-5,-1,5,-8,9,48
60N,146W,1961,38,-21,-52,7,-2,-11,2,0,16,24,20,-72
60N,146W,1962,40,76,19,-25,3,1,-3,5,3,11,-45,-23
60N,146W,1963,138,-73,43,10,0,19,13,19,-32,-24,-108,-21
60N,146W,1964,27,82,-12,12,1,-1,0,-5,6,16,-11,-89
60N,146W,1965,-96,-28,38,9,13,8,-3,5,30,-27,-10,51
60N,146W,1966,-235,83,-64,9,18,9,10,0,-10,26,37,-96
60N,146W,1967,-5,23,18,17,2,14,4,5,-31,6,78,62
60N,146W,1968,42,-50,6,11,2,-5,-5,-5,-5,4,7,-48
60N,146W,1969,-49,-23,27,-18,-1,3,4,-4,-8,-40,-20,-65
60N,146W,1970,-71,6,21,14,1,2,1,1,2,6,-15,-46
60N,146W,1971,-233,39,-51,-7,0,0,6,-4,6,30,13,79
60N,146W,1972,57,-199,-34,0,3,8,-1,-2,8,25,34,13
60N,146W,1973,47,-10,37,4,-14,1,9,8,3,6,-19,-39
60N,146W,1974,-22,-93,-31,-6,2,3,10,-1,-11,-9,34,68
60N,146W,1975,71,-14,22,9,-2,4,-2,-3,7,-6,-34,-2
60N,146W,1976,67,-1,35,-14,-2,2,-3,-5,-24,12,-29,-17
60N,146W,1977,48,-17,38,1,5,-3,-5,-4,15,-33,2,-48
60N,146W,1978,-4,-88,-10,8,-1,28,4,-3,2,14,49,97
60N,146W,1979,59,-344,6,12,-1,2,-5,0,-20,-16,57,62
60N,146W,1980,24,-24,16,-45,-3,5,0,2,-5,-22,9,-100
60N,146W,1981,24,52,-25,-6,-3,-3,5,-11,-11,20,3,14
60N,146W,1982,-109,-77,13,-12,1,-4,1,-2,2,8,15,-64
60N,146W,1983,-139,-71,-82,10,-7,-7,-3,-2,7,8,-38,1
60N,146W,1984,101,-21,-16,-1,1,-5,-5,-3,-25,-19,17,72
60N,146W,1985,76,23,17,3,4,-7,-1,0,12,16,34,4
60N,146W,1986,-44,-19,-40,-11,-1,-7,4,-1,9,-20,-22,26
60N,146W,1987,61,-3,-29,-23,-2,-25,2,-2,-7,17,26,88
60N,146W,1988,65,-31,-29,-21,-4,-9,-3,-7,-2,-22,-12,58
60N,146W,1989,110,80,-68,-1,6,-7,0,-1,6,4,34,46
60N,146W,1990,116,37,-23,-4,3,-1,2,-3,11,20,18,101
60N,146W,1991,134,22,49,-28,-3,1,-2,-7,-6,15,-68,76
60N,146W,1992,63,18,24,-21,2,1,-1,-4,3,-2,49,98
60N,146W,1993,167,33,1,-25,0,-1,5,1,32,18,85,45
60N,146W,1994,30,-121,17,1,-7,-3,-2,3,-6,-1,68,10
60N,146W,1995,56,31,-45,-15,1,-6,4,-2,-4,1,-82,-75
60N,146W,1996,48,73,17,-30,4,-3,-1,-3,3,-30,26,11
60N,146W,1997,55,61,-43,-1,3,-1,-5,-2,2,-11,28,79
60N,146W,1998,11,-6,34,2,11,6,-2,1,6,3,50,36
60N,146W,1999,-92,-27,-4,6,-1,-6,-2,-5,-8,8,-28,70
60N,146W,2000,112,63,-1,-18,-2,-6,-1,-4,5,-20,47,33
60N,146W,2001,76,77,-15,5,-2,-6,1,-6,-6,23,-10,24
60N,146W,2002,114,42,17,12,2,-6,-2,3,8,15,2,74
60N,146W,2003,77,73,-29,-3,1,-3,0,-5,-16,0,86,27
60N,146W,2004,0,31,25,-11,6,-5,-2,-7,7,23,66,25
60N,146W,2005,69,46,-45,-42,-6,-6,-4,-3,12,-33,-80,-40
60N,146W,2006,-16,100,-78,-28,-3,-3,7,3,0,32,-166,-36
60N,146W,2007,129,-17,-171,-74,-8,-4,-4,-3,10,-22,4,0
60N,146W,2008,104,-124,-104,10,-14,0,0,-16,-17,-20,-15,44
60N,146W,2009,52,87,-63,3,-6,-1,3,-4,-16,1,32,75
60N,146W,2010,-100,31,6,12,4,-9,-3,-4,-11,-17,63,30
60N,146W,2011,153,86,-13,4,-4,2,-4,-20,-39,9,74,135
60N,146W,2012,139,74,36,8,-9,-5,-7,-8,-18,5,-97,49
60N,146W,2013,142,73,34,-6,1,-5,3,-9,-12,23,66,89
60N,146W,2014,143,36,13,-4,-1,-7,-7,-20,-4,-4,39,79
60N,146W,2015,101,29,20,-18,5,-11,-1,-3,5,-12,86,56
60N,146W,2016,53,-43,-15,-29,-1,-7,-2,-13,5,-21,-10,87
60N,146W,2017,158,96,-116,-20,-8,-10,-5,-16,-11,31,-12,83
60N,146W,2018,38,90,30,-25,-10,4,10,10,-1,-23,10,88
60N,146W,2019,137,96,15,-1,5,0,0,-3,9,15,45,37
60N,146W,2020,106,76,38,10,-11,-4,-8,-15,-18,0,61,71
60N,146W,2021,95,67,40,-3,-5,-7,-4,,,,,
999,9,,,,,,,,,,,,,
60N,149W,1946,114,14,18,3,-2,-4,-6,1,-13,41,12,38
60N,149W,1947,75,-11,28,-3,-1,-6,3,1,2,-17,45,94
60N,149W,1948,107,2,15,-13,-3,1,7,0,3,18,0,70
60N,149W,1949,125,7,39,-8,0,1,-3,-3,1,18,24,46
60N,149W,1950,96,-297,8,-14,-3,-6,-6,-6,0,5,-91,19
60N,149W,1951,11,70,-30,11,0,4,-2,4,-5,-2,21,85
60N,149W,1952,-67,17,31,4,-1,-3,4,-5,-6,11,45,-4
60N,149W,1953,-135,50,3,-3,1,-5,-5,5,0,-28,-13,42
60N,149W,1954,-61,-7,42,-18,-3,-8,-3,7,2,3,29,-3
60N,149W,1955,97,33,37,7,0,5,1,1,1,16,-59,-42
60N,149W,1956,-126,32,2,7,9,-3,-2,-3,5,6,33,-102
60N,149W,1957,123,27,17,3,-8,-5,-3,-2,-5,1,43,43
60N,149W,1958,35,-116,34,6,4,7,2,-10,4,-14,33,-39
60N,149W,1959,-210,74,-55,7,-2,-5,3,-1,0,-5,7,64
60N,149W,1960,90,36,-98,-6,-2,-6,-3,-1,5,-3,-3,56
60N,149W,1961,24,-27,-56,7,-3,-9,1,2,15,14,18,-83
60N,149W,1962,8,64,23,-33,0,-1,-4,4,-1,11,-52,-46
60N,149W,1963,94,-86,36,11,-1,19,11,17,-25,-24,-131,3
60N,149W,1964,2,69,-16,12,-5,-2,-2,-6,1,13,-7,-100
60N,149W,1965,-47,-15,42,5,7,7,-6,1,30,-50,12,33
60N,149W,1966,-143,67,-84,8,13,6,5,-1,-8,17,20,-98
60N,149W,1967,-27,8,17,17,0,11,2,6,-20,1,70,62
60N,149W,1968,0,-32,5,11,0,-6,-5,-6,-9,-1,-6,-29
60N,149W,1969,-17,0,30,-10,0,4,3,-5,-8,-20,-12,-30
60N,149W,1970,-73,2,23,12,-1,2,0,1,-4,2,-9,-13
60N,149W,1971,-186,22,-53,0,0,1,3,-5,1,24,7,84
60N,149W,1972,40,-166,-47,0,0,4,-3,-2,3,21,25,9
60N,149W,1973,6,2,41,6,-13,-2,3,3,-1,6,2,5
60N,149W,1974,-4,-94,-16,-2,0,-1,6,-3,-8,-6,32,59
60N,149W,1975,53,20,26,9,-6,2,-4,-5,6,-10,-46,12
60N,149W,1976,53,-5,36,-4,-2,-2,-4,-6,-14,14,5,15
60N,149W,1977,47,4,33,7,3,-3,-5,-4,10,-14,3,-8
60N,149W,1978,18,-55,1,7,-3,26,3,-3,-1,16,48,96
60N,149W,1979,71,-227,9,13,-3,-1,-6,-1,-17,-4,59,33
60N,149W,1980,8,9,24,-33,-3,7,4,2,-7,-11,8,-94
60N,149W,1981,36,48,-12,-4,-5,-2,7,-5,-11,16,3,25
60N,149W,1982,-53,-101,31,-12,-1,-2,2,-4,5,-15,20,-37
60N,149W,1983,-130,-50,-65,13,-6,-8,-5,-4,2,4,-11,33
60N,149W,1984,67,-55,-13,-4,-2,-5,-6,-5,-21,-20,14,77
60N,149W,1985,62,-2,26,-11,1,-7,-3,1,10,0,31,12
60N,149W,1986,-23,10,-44,-12,-1,-7,1,1,3,-12,-4,37
60N,149W,1987,58,-6,-15,-15,-3,-25,-1,-5,-2,19,21,78
60N,149W,1988,54,-17,-10,-14,-5,-8,-2,-4,-1,-26,-36,73
60N,149W,1989,31,69,-60,2,2,-5,-2,0,10,8,15,49
60N,149W,1990,89,-7,0,-2,1,-1,2,-4,10,15,-30,86
60N,149W,1991,102,22,47,-22,-2,2,-3,-6,0,9,-58,82
60N,149W,1992,46,-1,29,-32,-2,1,-2,0,-11,-3,52,90
60N,149W,1993,131,35,5,-23,-3,-1,1,4,32,18,68,58
60N,149W,1994,46,-2,17,1,-9,-3,-2,1,-5,-3,47,36
60N,149W,1995,52,29,-61,-6,-1,-6,-1,-4,-5,1,-67,-53
60N,149W,1996,51,52,22,-26,1,-4,-1,-5,1,-47,22,-39
60N,149W,1997,32,50,-66,-4,3,1,-3,-5,-2,-61,26,64
60N,149W,1998,-47,-48,20,4,15,5,-3,-2,2,2,35,22
60N,149W,1999,-95,-82,3,7,-1,-7,0,-7,-4,-1,-35,67
60N,149W,2000,86,56,9,-15,-7,-6,1,-7,-6,-24,35,31
60N,149W,2001,65,69,3,7,-2,-6,2,-10,-5,15,-4,19
60N,149W,2002,104,53,12,10,0,-5,2,1,4,14,18,78
60N,149W,2003,58,72,-43,-2,-1,-5,1,-6,-19,-5,60,23
60N,149W,2004,-50,27,18,-12,2,-6,-4,-8,1,22,59,25
60N,149W,2005,17,39,-22,-29,-5,-6,-2,-4,8,-17,-84,-25
60N,149W,2006,-40,84,-58,-9,-2,-4,5,2,-1,28,-156,-19
60N,149W,2007,100,-22,-175,-61,-6,-3,-4,-5,6,-13,11,10
60N,149W,2008,74,-120,-70,11,-9,2,1,-14,-14,-24,-12,22
60N,149W,2009,23,71,-44,5,-5,0,4,-5,-17,4,41,73
60N,149W,2010,-16,26,13,10,2,-7,6,0,-4,2,51,0
60N,149W,2011,111,48,-3,9,-4,6,-2,-7,-20,16,36,121
60N,149W,2012,67,71,29,6,-4,0,-2,-5,10,-1,-106,38
60N,149W,2013,103,65,34,-16,0,-2,7,-4,-5,38,47,68
60N,149W,2014,106,18,21,-5,0,-3,-4,-9,0,-9,20,67
60N,149W,2015,59,18,18,-1,5,-3,2,-5,3,-15,71,50
60N,149W,2016,29,-40,-9,-27,2,-4,-1,-2,9,-16,-19,74
60N,149W,2017,116,79,-125,-19,-2,-6,-1,-8,-3,26,-21,78
60N,149W,2018,14,74,32,-11,-1,11,12,12,1,2,9,87
60N,149W,2019,102,83,25,6,5,-1,0,-4,7,21,41,35
60N,149W,2020,46,69,30,10,-5,0,-4,-6,-6,8,60,75
60N,149W,2021,86,58,31,1,-2,-4,1,,,,,
999,9,,,,,,,,,,,,,
